--------------------------------------------------------
--  파일이 생성됨 - 금요일-11월-12-2021   
--------------------------------------------------------
--------------------------------------------------------
--  DDL for Sequence ACTOR_SEQ
--------------------------------------------------------

   CREATE SEQUENCE  "TEAM1"."ACTOR_SEQ"  MINVALUE 1 MAXVALUE 9999999999999999999999999999 INCREMENT BY 1 START WITH 421 CACHE 20 NOORDER  NOCYCLE ;
--------------------------------------------------------
--  DDL for Sequence BOARDNUMS
--------------------------------------------------------

   CREATE SEQUENCE  "TEAM1"."BOARDNUMS"  MINVALUE 1 MAXVALUE 1000 INCREMENT BY 1 START WITH 116 CACHE 20 NOORDER  NOCYCLE ;
--------------------------------------------------------
--  DDL for Sequence COMENTSS
--------------------------------------------------------

   CREATE SEQUENCE  "TEAM1"."COMENTSS"  MINVALUE 1 MAXVALUE 999999 INCREMENT BY 1 START WITH 63 CACHE 20 NOORDER  NOCYCLE ;
--------------------------------------------------------
--  DDL for Sequence CONTENTS_ID_SEQ
--------------------------------------------------------

   CREATE SEQUENCE  "TEAM1"."CONTENTS_ID_SEQ"  MINVALUE 1 MAXVALUE 9999999999999999999999999999 INCREMENT BY 1 START WITH 121 CACHE 20 NOORDER  NOCYCLE ;
--------------------------------------------------------
--  DDL for Sequence DIRECTOR_SEQ
--------------------------------------------------------

   CREATE SEQUENCE  "TEAM1"."DIRECTOR_SEQ"  MINVALUE 1 MAXVALUE 99999999 INCREMENT BY 1 START WITH 50 CACHE 20 NOORDER  NOCYCLE ;
--------------------------------------------------------
--  DDL for Sequence REVIEW_SEQ
--------------------------------------------------------

   CREATE SEQUENCE  "TEAM1"."REVIEW_SEQ"  MINVALUE 1 MAXVALUE 9999999999999999999999999999 INCREMENT BY 1 START WITH 496 CACHE 20 NOORDER  NOCYCLE ;
--------------------------------------------------------
--  DDL for Sequence USER_T_S
--------------------------------------------------------

   CREATE SEQUENCE  "TEAM1"."USER_T_S"  MINVALUE 1 MAXVALUE 9999999999999999999999999999 INCREMENT BY 1 START WITH 291 CACHE 20 NOORDER  NOCYCLE ;
--------------------------------------------------------
--  DDL for Table ACTORJOIN
--------------------------------------------------------

  CREATE TABLE "TEAM1"."ACTORJOIN" 
   (	"CONTENTSID" NUMBER(4,0), 
	"ACTORID" NUMBER(4,0)
   ) SEGMENT CREATION IMMEDIATE 
  PCTFREE 10 PCTUSED 40 INITRANS 1 MAXTRANS 255 NOCOMPRESS LOGGING
  STORAGE(INITIAL 65536 NEXT 1048576 MINEXTENTS 1 MAXEXTENTS 2147483645
  PCTINCREASE 0 FREELISTS 1 FREELIST GROUPS 1 BUFFER_POOL DEFAULT FLASH_CACHE DEFAULT CELL_FLASH_CACHE DEFAULT)
  TABLESPACE "SYSTEM" ;
--------------------------------------------------------
--  DDL for Table ACTOR_T
--------------------------------------------------------

  CREATE TABLE "TEAM1"."ACTOR_T" 
   (	"ACTORID" NUMBER(4,0), 
	"ACTORNAME" VARCHAR2(30 BYTE)
   ) SEGMENT CREATION IMMEDIATE 
  PCTFREE 10 PCTUSED 40 INITRANS 1 MAXTRANS 255 NOCOMPRESS LOGGING
  STORAGE(INITIAL 65536 NEXT 1048576 MINEXTENTS 1 MAXEXTENTS 2147483645
  PCTINCREASE 0 FREELISTS 1 FREELIST GROUPS 1 BUFFER_POOL DEFAULT FLASH_CACHE DEFAULT CELL_FLASH_CACHE DEFAULT)
  TABLESPACE "SYSTEM" ;
--------------------------------------------------------
--  DDL for Table BOARD
--------------------------------------------------------

  CREATE TABLE "TEAM1"."BOARD" 
   (	"NUM" NUMBER(10,0), 
	"NAME" VARCHAR2(20 BYTE), 
	"TITLE" VARCHAR2(100 BYTE), 
	"CONTENT" CLOB, 
	"READCOUNT" NUMBER(10,0) DEFAULT 0, 
	"WRITEDATE" DATE
   ) SEGMENT CREATION IMMEDIATE 
  PCTFREE 10 PCTUSED 40 INITRANS 1 MAXTRANS 255 NOCOMPRESS LOGGING
  STORAGE(INITIAL 65536 NEXT 1048576 MINEXTENTS 1 MAXEXTENTS 2147483645
  PCTINCREASE 0 FREELISTS 1 FREELIST GROUPS 1 BUFFER_POOL DEFAULT FLASH_CACHE DEFAULT CELL_FLASH_CACHE DEFAULT)
  TABLESPACE "SYSTEM" 
 LOB ("CONTENT") STORE AS BASICFILE (
  TABLESPACE "SYSTEM" ENABLE STORAGE IN ROW CHUNK 8192 RETENTION 
  NOCACHE LOGGING 
  STORAGE(INITIAL 65536 NEXT 1048576 MINEXTENTS 1 MAXEXTENTS 2147483645
  PCTINCREASE 0 FREELISTS 1 FREELIST GROUPS 1 BUFFER_POOL DEFAULT FLASH_CACHE DEFAULT CELL_FLASH_CACHE DEFAULT)) ;
--------------------------------------------------------
--  DDL for Table CLASS_T
--------------------------------------------------------

  CREATE TABLE "TEAM1"."CLASS_T" 
   (	"CLASSID" NUMBER(4,0), 
	"CLASSNAME" VARCHAR2(10 BYTE)
   ) SEGMENT CREATION IMMEDIATE 
  PCTFREE 10 PCTUSED 40 INITRANS 1 MAXTRANS 255 NOCOMPRESS LOGGING
  STORAGE(INITIAL 65536 NEXT 1048576 MINEXTENTS 1 MAXEXTENTS 2147483645
  PCTINCREASE 0 FREELISTS 1 FREELIST GROUPS 1 BUFFER_POOL DEFAULT FLASH_CACHE DEFAULT CELL_FLASH_CACHE DEFAULT)
  TABLESPACE "SYSTEM" ;
--------------------------------------------------------
--  DDL for Table COMMENTTABLE
--------------------------------------------------------

  CREATE TABLE "TEAM1"."COMMENTTABLE" 
   (	"COMEMNTNUM" NUMBER(30,0), 
	"COMEMNTTYPENUM" NUMBER(30,0), 
	"ORIGINNUM" NUMBER(30,0), 
	"COMEMNTUSER" VARCHAR2(300 BYTE), 
	"COMEMNTTEXT" VARCHAR2(100 BYTE), 
	"COMEMNTDATE" DATE
   ) SEGMENT CREATION IMMEDIATE 
  PCTFREE 10 PCTUSED 40 INITRANS 1 MAXTRANS 255 NOCOMPRESS LOGGING
  STORAGE(INITIAL 65536 NEXT 1048576 MINEXTENTS 1 MAXEXTENTS 2147483645
  PCTINCREASE 0 FREELISTS 1 FREELIST GROUPS 1 BUFFER_POOL DEFAULT FLASH_CACHE DEFAULT CELL_FLASH_CACHE DEFAULT)
  TABLESPACE "SYSTEM" ;
--------------------------------------------------------
--  DDL for Table CONTENTS_T
--------------------------------------------------------

  CREATE TABLE "TEAM1"."CONTENTS_T" 
   (	"CONTENTSID" NUMBER(4,0), 
	"NATIONCODE" VARCHAR2(20 BYTE), 
	"OTTID" NUMBER(4,0), 
	"GRADEID" NUMBER(4,0), 
	"CLASSID" NUMBER(4,0), 
	"CONTENTSTITLE" VARCHAR2(100 BYTE), 
	"CONTENTSSUMMARY" VARCHAR2(500 BYTE), 
	"CONTENTSSTART" DATE, 
	"CONTENTSSEASON" NUMBER(3,0), 
	"CONTENTSEPISODE" NUMBER(4,0), 
	"CONTENTSSCORE" NUMBER(2,1), 
	"CONTENTSDURATION" NUMBER(4,0), 
	"IMGNAME" VARCHAR2(50 BYTE)
   ) SEGMENT CREATION IMMEDIATE 
  PCTFREE 10 PCTUSED 40 INITRANS 1 MAXTRANS 255 NOCOMPRESS LOGGING
  STORAGE(INITIAL 65536 NEXT 1048576 MINEXTENTS 1 MAXEXTENTS 2147483645
  PCTINCREASE 0 FREELISTS 1 FREELIST GROUPS 1 BUFFER_POOL DEFAULT FLASH_CACHE DEFAULT CELL_FLASH_CACHE DEFAULT)
  TABLESPACE "SYSTEM" ;
--------------------------------------------------------
--  DDL for Table DIRECTORJOIN
--------------------------------------------------------

  CREATE TABLE "TEAM1"."DIRECTORJOIN" 
   (	"CONTENTSID" NUMBER(8,0), 
	"DIRECTORID" NUMBER(8,0)
   ) SEGMENT CREATION IMMEDIATE 
  PCTFREE 10 PCTUSED 40 INITRANS 1 MAXTRANS 255 NOCOMPRESS LOGGING
  STORAGE(INITIAL 65536 NEXT 1048576 MINEXTENTS 1 MAXEXTENTS 2147483645
  PCTINCREASE 0 FREELISTS 1 FREELIST GROUPS 1 BUFFER_POOL DEFAULT FLASH_CACHE DEFAULT CELL_FLASH_CACHE DEFAULT)
  TABLESPACE "SYSTEM" ;
--------------------------------------------------------
--  DDL for Table DIRECTOR_T
--------------------------------------------------------

  CREATE TABLE "TEAM1"."DIRECTOR_T" 
   (	"DIRECTORID" NUMBER(4,0), 
	"DIRECTORNAME" VARCHAR2(30 BYTE)
   ) SEGMENT CREATION IMMEDIATE 
  PCTFREE 10 PCTUSED 40 INITRANS 1 MAXTRANS 255 NOCOMPRESS LOGGING
  STORAGE(INITIAL 65536 NEXT 1048576 MINEXTENTS 1 MAXEXTENTS 2147483645
  PCTINCREASE 0 FREELISTS 1 FREELIST GROUPS 1 BUFFER_POOL DEFAULT FLASH_CACHE DEFAULT CELL_FLASH_CACHE DEFAULT)
  TABLESPACE "SYSTEM" ;
--------------------------------------------------------
--  DDL for Table FAVORITE_T
--------------------------------------------------------

  CREATE TABLE "TEAM1"."FAVORITE_T" 
   (	"USERNUM" NUMBER(4,0), 
	"FAVORITESUBJECT" VARCHAR2(20 BYTE), 
	"FAVORITEVALUE" VARCHAR2(30 BYTE)
   ) SEGMENT CREATION IMMEDIATE 
  PCTFREE 10 PCTUSED 40 INITRANS 1 MAXTRANS 255 NOCOMPRESS LOGGING
  STORAGE(INITIAL 65536 NEXT 1048576 MINEXTENTS 1 MAXEXTENTS 2147483645
  PCTINCREASE 0 FREELISTS 1 FREELIST GROUPS 1 BUFFER_POOL DEFAULT FLASH_CACHE DEFAULT CELL_FLASH_CACHE DEFAULT)
  TABLESPACE "SYSTEM" ;
--------------------------------------------------------
--  DDL for Table FILES
--------------------------------------------------------

  CREATE TABLE "TEAM1"."FILES" 
   (	"BOARDNUM" NUMBER(4,0), 
	"FILENAME" VARCHAR2(3000 BYTE), 
	"REGDATE" DATE
   ) SEGMENT CREATION IMMEDIATE 
  PCTFREE 10 PCTUSED 40 INITRANS 1 MAXTRANS 255 NOCOMPRESS LOGGING
  STORAGE(INITIAL 65536 NEXT 1048576 MINEXTENTS 1 MAXEXTENTS 2147483645
  PCTINCREASE 0 FREELISTS 1 FREELIST GROUPS 1 BUFFER_POOL DEFAULT FLASH_CACHE DEFAULT CELL_FLASH_CACHE DEFAULT)
  TABLESPACE "SYSTEM" ;
--------------------------------------------------------
--  DDL for Table GENREJOIN
--------------------------------------------------------

  CREATE TABLE "TEAM1"."GENREJOIN" 
   (	"CONTENTSID" NUMBER(4,0), 
	"GENREID" NUMBER(4,0)
   ) SEGMENT CREATION IMMEDIATE 
  PCTFREE 10 PCTUSED 40 INITRANS 1 MAXTRANS 255 NOCOMPRESS LOGGING
  STORAGE(INITIAL 65536 NEXT 1048576 MINEXTENTS 1 MAXEXTENTS 2147483645
  PCTINCREASE 0 FREELISTS 1 FREELIST GROUPS 1 BUFFER_POOL DEFAULT FLASH_CACHE DEFAULT CELL_FLASH_CACHE DEFAULT)
  TABLESPACE "SYSTEM" ;
--------------------------------------------------------
--  DDL for Table GENRE_T
--------------------------------------------------------

  CREATE TABLE "TEAM1"."GENRE_T" 
   (	"GENREID" NUMBER(4,0), 
	"GENRENAME" VARCHAR2(30 BYTE)
   ) SEGMENT CREATION IMMEDIATE 
  PCTFREE 10 PCTUSED 40 INITRANS 1 MAXTRANS 255 NOCOMPRESS LOGGING
  STORAGE(INITIAL 65536 NEXT 1048576 MINEXTENTS 1 MAXEXTENTS 2147483645
  PCTINCREASE 0 FREELISTS 1 FREELIST GROUPS 1 BUFFER_POOL DEFAULT FLASH_CACHE DEFAULT CELL_FLASH_CACHE DEFAULT)
  TABLESPACE "SYSTEM" ;
--------------------------------------------------------
--  DDL for Table GRADE_T
--------------------------------------------------------

  CREATE TABLE "TEAM1"."GRADE_T" 
   (	"GRADEID" NUMBER(4,0), 
	"GRADENAME" VARCHAR2(3 BYTE)
   ) SEGMENT CREATION IMMEDIATE 
  PCTFREE 10 PCTUSED 40 INITRANS 1 MAXTRANS 255 NOCOMPRESS LOGGING
  STORAGE(INITIAL 65536 NEXT 1048576 MINEXTENTS 1 MAXEXTENTS 2147483645
  PCTINCREASE 0 FREELISTS 1 FREELIST GROUPS 1 BUFFER_POOL DEFAULT FLASH_CACHE DEFAULT CELL_FLASH_CACHE DEFAULT)
  TABLESPACE "SYSTEM" ;
--------------------------------------------------------
--  DDL for Table IMG
--------------------------------------------------------

  CREATE TABLE "TEAM1"."IMG" 
   (	"CONTENTSID" NUMBER(4,0), 
	"IMGNAME" VARCHAR2(60 BYTE)
   ) SEGMENT CREATION IMMEDIATE 
  PCTFREE 10 PCTUSED 40 INITRANS 1 MAXTRANS 255 NOCOMPRESS LOGGING
  STORAGE(INITIAL 65536 NEXT 1048576 MINEXTENTS 1 MAXEXTENTS 2147483645
  PCTINCREASE 0 FREELISTS 1 FREELIST GROUPS 1 BUFFER_POOL DEFAULT FLASH_CACHE DEFAULT CELL_FLASH_CACHE DEFAULT)
  TABLESPACE "SYSTEM" ;
--------------------------------------------------------
--  DDL for Table MOVIEFILES
--------------------------------------------------------

  CREATE TABLE "TEAM1"."MOVIEFILES" 
   (	"CONTENSTID" NUMBER(8,0), 
	"MOVIEIMGFILE" VARCHAR2(1200 BYTE), 
	"INSERTDATE" DATE
   ) SEGMENT CREATION IMMEDIATE 
  PCTFREE 10 PCTUSED 40 INITRANS 1 MAXTRANS 255 NOCOMPRESS LOGGING
  STORAGE(INITIAL 65536 NEXT 1048576 MINEXTENTS 1 MAXEXTENTS 2147483645
  PCTINCREASE 0 FREELISTS 1 FREELIST GROUPS 1 BUFFER_POOL DEFAULT FLASH_CACHE DEFAULT CELL_FLASH_CACHE DEFAULT)
  TABLESPACE "SYSTEM" ;
--------------------------------------------------------
--  DDL for Table NATION_T
--------------------------------------------------------

  CREATE TABLE "TEAM1"."NATION_T" 
   (	"NATIONCODE" VARCHAR2(20 BYTE), 
	"NATIONNAME" VARCHAR2(20 BYTE)
   ) SEGMENT CREATION IMMEDIATE 
  PCTFREE 10 PCTUSED 40 INITRANS 1 MAXTRANS 255 NOCOMPRESS LOGGING
  STORAGE(INITIAL 65536 NEXT 1048576 MINEXTENTS 1 MAXEXTENTS 2147483645
  PCTINCREASE 0 FREELISTS 1 FREELIST GROUPS 1 BUFFER_POOL DEFAULT FLASH_CACHE DEFAULT CELL_FLASH_CACHE DEFAULT)
  TABLESPACE "SYSTEM" ;
--------------------------------------------------------
--  DDL for Table OTT
--------------------------------------------------------

  CREATE TABLE "TEAM1"."OTT" 
   (	"OTTID" NUMBER(4,0), 
	"OTTNAME" VARCHAR2(20 BYTE)
   ) SEGMENT CREATION IMMEDIATE 
  PCTFREE 10 PCTUSED 40 INITRANS 1 MAXTRANS 255 NOCOMPRESS LOGGING
  STORAGE(INITIAL 65536 NEXT 1048576 MINEXTENTS 1 MAXEXTENTS 2147483645
  PCTINCREASE 0 FREELISTS 1 FREELIST GROUPS 1 BUFFER_POOL DEFAULT FLASH_CACHE DEFAULT CELL_FLASH_CACHE DEFAULT)
  TABLESPACE "SYSTEM" ;
--------------------------------------------------------
--  DDL for Table REVIEW_T
--------------------------------------------------------

  CREATE TABLE "TEAM1"."REVIEW_T" 
   (	"REVIEWID" NUMBER(10,0), 
	"USERNUM" NUMBER(4,0), 
	"CONTENTSID" NUMBER(4,0), 
	"REVIEWSCORE" NUMBER(2,1), 
	"REVIEWNATTER" VARCHAR2(200 BYTE), 
	"REVIEWDATE" DATE
   ) SEGMENT CREATION IMMEDIATE 
  PCTFREE 10 PCTUSED 40 INITRANS 1 MAXTRANS 255 NOCOMPRESS LOGGING
  STORAGE(INITIAL 65536 NEXT 1048576 MINEXTENTS 1 MAXEXTENTS 2147483645
  PCTINCREASE 0 FREELISTS 1 FREELIST GROUPS 1 BUFFER_POOL DEFAULT FLASH_CACHE DEFAULT CELL_FLASH_CACHE DEFAULT)
  TABLESPACE "SYSTEM" ;
--------------------------------------------------------
--  DDL for Table USER_T
--------------------------------------------------------

  CREATE TABLE "TEAM1"."USER_T" 
   (	"USERNUM" NUMBER(4,0), 
	"USERID" VARCHAR2(60 BYTE), 
	"USEREMAIL" VARCHAR2(100 BYTE), 
	"USERPASSWORD" VARCHAR2(255 BYTE), 
	"USERCATEGORY" NUMBER(4,0), 
	"USERCLASS" NUMBER(4,0), 
	"USERPNUM" NUMBER(12,0), 
	"ADMIN" VARCHAR2(25 BYTE) DEFAULT null
   ) SEGMENT CREATION IMMEDIATE 
  PCTFREE 10 PCTUSED 40 INITRANS 1 MAXTRANS 255 NOCOMPRESS LOGGING
  STORAGE(INITIAL 65536 NEXT 1048576 MINEXTENTS 1 MAXEXTENTS 2147483645
  PCTINCREASE 0 FREELISTS 1 FREELIST GROUPS 1 BUFFER_POOL DEFAULT FLASH_CACHE DEFAULT CELL_FLASH_CACHE DEFAULT)
  TABLESPACE "SYSTEM" ;
--------------------------------------------------------
--  DDL for Table WISH
--------------------------------------------------------

  CREATE TABLE "TEAM1"."WISH" 
   (	"CONTENTSID" NUMBER(4,0), 
	"USERNUM" NUMBER(4,0), 
	"WISHDATE" DATE
   ) SEGMENT CREATION IMMEDIATE 
  PCTFREE 10 PCTUSED 40 INITRANS 1 MAXTRANS 255 NOCOMPRESS LOGGING
  STORAGE(INITIAL 65536 NEXT 1048576 MINEXTENTS 1 MAXEXTENTS 2147483645
  PCTINCREASE 0 FREELISTS 1 FREELIST GROUPS 1 BUFFER_POOL DEFAULT FLASH_CACHE DEFAULT CELL_FLASH_CACHE DEFAULT)
  TABLESPACE "SYSTEM" ;
REM INSERTING into TEAM1.ACTORJOIN
SET DEFINE OFF;
Insert into TEAM1.ACTORJOIN (CONTENTSID,ACTORID) values (29,413);
Insert into TEAM1.ACTORJOIN (CONTENTSID,ACTORID) values (1,264);
Insert into TEAM1.ACTORJOIN (CONTENTSID,ACTORID) values (1,265);
Insert into TEAM1.ACTORJOIN (CONTENTSID,ACTORID) values (1,266);
Insert into TEAM1.ACTORJOIN (CONTENTSID,ACTORID) values (1,267);
Insert into TEAM1.ACTORJOIN (CONTENTSID,ACTORID) values (1,268);
Insert into TEAM1.ACTORJOIN (CONTENTSID,ACTORID) values (1,269);
Insert into TEAM1.ACTORJOIN (CONTENTSID,ACTORID) values (1,270);
Insert into TEAM1.ACTORJOIN (CONTENTSID,ACTORID) values (1,271);
Insert into TEAM1.ACTORJOIN (CONTENTSID,ACTORID) values (1,272);
Insert into TEAM1.ACTORJOIN (CONTENTSID,ACTORID) values (1,3);
Insert into TEAM1.ACTORJOIN (CONTENTSID,ACTORID) values (2,273);
Insert into TEAM1.ACTORJOIN (CONTENTSID,ACTORID) values (2,274);
Insert into TEAM1.ACTORJOIN (CONTENTSID,ACTORID) values (2,275);
Insert into TEAM1.ACTORJOIN (CONTENTSID,ACTORID) values (2,276);
Insert into TEAM1.ACTORJOIN (CONTENTSID,ACTORID) values (2,277);
Insert into TEAM1.ACTORJOIN (CONTENTSID,ACTORID) values (2,278);
Insert into TEAM1.ACTORJOIN (CONTENTSID,ACTORID) values (2,279);
Insert into TEAM1.ACTORJOIN (CONTENTSID,ACTORID) values (2,280);
Insert into TEAM1.ACTORJOIN (CONTENTSID,ACTORID) values (2,281);
Insert into TEAM1.ACTORJOIN (CONTENTSID,ACTORID) values (2,282);
Insert into TEAM1.ACTORJOIN (CONTENTSID,ACTORID) values (3,87);
Insert into TEAM1.ACTORJOIN (CONTENTSID,ACTORID) values (3,88);
Insert into TEAM1.ACTORJOIN (CONTENTSID,ACTORID) values (3,89);
Insert into TEAM1.ACTORJOIN (CONTENTSID,ACTORID) values (3,90);
Insert into TEAM1.ACTORJOIN (CONTENTSID,ACTORID) values (4,130);
Insert into TEAM1.ACTORJOIN (CONTENTSID,ACTORID) values (4,131);
Insert into TEAM1.ACTORJOIN (CONTENTSID,ACTORID) values (4,62);
Insert into TEAM1.ACTORJOIN (CONTENTSID,ACTORID) values (4,133);
Insert into TEAM1.ACTORJOIN (CONTENTSID,ACTORID) values (4,150);
Insert into TEAM1.ACTORJOIN (CONTENTSID,ACTORID) values (4,151);
Insert into TEAM1.ACTORJOIN (CONTENTSID,ACTORID) values (4,152);
Insert into TEAM1.ACTORJOIN (CONTENTSID,ACTORID) values (5,159);
Insert into TEAM1.ACTORJOIN (CONTENTSID,ACTORID) values (5,160);
Insert into TEAM1.ACTORJOIN (CONTENTSID,ACTORID) values (5,162);
Insert into TEAM1.ACTORJOIN (CONTENTSID,ACTORID) values (5,167);
Insert into TEAM1.ACTORJOIN (CONTENTSID,ACTORID) values (5,163);
Insert into TEAM1.ACTORJOIN (CONTENTSID,ACTORID) values (5,91);
Insert into TEAM1.ACTORJOIN (CONTENTSID,ACTORID) values (5,168);
Insert into TEAM1.ACTORJOIN (CONTENTSID,ACTORID) values (5,169);
Insert into TEAM1.ACTORJOIN (CONTENTSID,ACTORID) values (5,170);
Insert into TEAM1.ACTORJOIN (CONTENTSID,ACTORID) values (5,165);
Insert into TEAM1.ACTORJOIN (CONTENTSID,ACTORID) values (5,161);
Insert into TEAM1.ACTORJOIN (CONTENTSID,ACTORID) values (5,172);
Insert into TEAM1.ACTORJOIN (CONTENTSID,ACTORID) values (6,283);
Insert into TEAM1.ACTORJOIN (CONTENTSID,ACTORID) values (6,284);
Insert into TEAM1.ACTORJOIN (CONTENTSID,ACTORID) values (6,285);
Insert into TEAM1.ACTORJOIN (CONTENTSID,ACTORID) values (6,286);
Insert into TEAM1.ACTORJOIN (CONTENTSID,ACTORID) values (6,287);
Insert into TEAM1.ACTORJOIN (CONTENTSID,ACTORID) values (6,288);
Insert into TEAM1.ACTORJOIN (CONTENTSID,ACTORID) values (6,289);
Insert into TEAM1.ACTORJOIN (CONTENTSID,ACTORID) values (6,290);
Insert into TEAM1.ACTORJOIN (CONTENTSID,ACTORID) values (6,291);
Insert into TEAM1.ACTORJOIN (CONTENTSID,ACTORID) values (6,292);
Insert into TEAM1.ACTORJOIN (CONTENTSID,ACTORID) values (6,293);
Insert into TEAM1.ACTORJOIN (CONTENTSID,ACTORID) values (6,294);
Insert into TEAM1.ACTORJOIN (CONTENTSID,ACTORID) values (7,295);
Insert into TEAM1.ACTORJOIN (CONTENTSID,ACTORID) values (7,296);
Insert into TEAM1.ACTORJOIN (CONTENTSID,ACTORID) values (7,297);
Insert into TEAM1.ACTORJOIN (CONTENTSID,ACTORID) values (7,298);
Insert into TEAM1.ACTORJOIN (CONTENTSID,ACTORID) values (7,299);
Insert into TEAM1.ACTORJOIN (CONTENTSID,ACTORID) values (7,300);
Insert into TEAM1.ACTORJOIN (CONTENTSID,ACTORID) values (7,301);
Insert into TEAM1.ACTORJOIN (CONTENTSID,ACTORID) values (7,302);
Insert into TEAM1.ACTORJOIN (CONTENTSID,ACTORID) values (7,303);
Insert into TEAM1.ACTORJOIN (CONTENTSID,ACTORID) values (7,304);
Insert into TEAM1.ACTORJOIN (CONTENTSID,ACTORID) values (8,60);
Insert into TEAM1.ACTORJOIN (CONTENTSID,ACTORID) values (8,58);
Insert into TEAM1.ACTORJOIN (CONTENTSID,ACTORID) values (8,57);
Insert into TEAM1.ACTORJOIN (CONTENTSID,ACTORID) values (8,31);
Insert into TEAM1.ACTORJOIN (CONTENTSID,ACTORID) values (8,59);
Insert into TEAM1.ACTORJOIN (CONTENTSID,ACTORID) values (8,29);
Insert into TEAM1.ACTORJOIN (CONTENTSID,ACTORID) values (8,62);
Insert into TEAM1.ACTORJOIN (CONTENTSID,ACTORID) values (9,264);
Insert into TEAM1.ACTORJOIN (CONTENTSID,ACTORID) values (9,305);
Insert into TEAM1.ACTORJOIN (CONTENTSID,ACTORID) values (9,1);
Insert into TEAM1.ACTORJOIN (CONTENTSID,ACTORID) values (9,306);
Insert into TEAM1.ACTORJOIN (CONTENTSID,ACTORID) values (9,307);
Insert into TEAM1.ACTORJOIN (CONTENTSID,ACTORID) values (9,308);
Insert into TEAM1.ACTORJOIN (CONTENTSID,ACTORID) values (9,309);
Insert into TEAM1.ACTORJOIN (CONTENTSID,ACTORID) values (9,58);
Insert into TEAM1.ACTORJOIN (CONTENTSID,ACTORID) values (9,310);
Insert into TEAM1.ACTORJOIN (CONTENTSID,ACTORID) values (10,311);
Insert into TEAM1.ACTORJOIN (CONTENTSID,ACTORID) values (10,312);
Insert into TEAM1.ACTORJOIN (CONTENTSID,ACTORID) values (10,313);
Insert into TEAM1.ACTORJOIN (CONTENTSID,ACTORID) values (10,314);
Insert into TEAM1.ACTORJOIN (CONTENTSID,ACTORID) values (10,315);
Insert into TEAM1.ACTORJOIN (CONTENTSID,ACTORID) values (10,316);
Insert into TEAM1.ACTORJOIN (CONTENTSID,ACTORID) values (10,317);
Insert into TEAM1.ACTORJOIN (CONTENTSID,ACTORID) values (10,47);
Insert into TEAM1.ACTORJOIN (CONTENTSID,ACTORID) values (10,318);
Insert into TEAM1.ACTORJOIN (CONTENTSID,ACTORID) values (11,319);
Insert into TEAM1.ACTORJOIN (CONTENTSID,ACTORID) values (11,320);
Insert into TEAM1.ACTORJOIN (CONTENTSID,ACTORID) values (11,321);
Insert into TEAM1.ACTORJOIN (CONTENTSID,ACTORID) values (11,322);
Insert into TEAM1.ACTORJOIN (CONTENTSID,ACTORID) values (11,323);
Insert into TEAM1.ACTORJOIN (CONTENTSID,ACTORID) values (12,324);
Insert into TEAM1.ACTORJOIN (CONTENTSID,ACTORID) values (12,325);
Insert into TEAM1.ACTORJOIN (CONTENTSID,ACTORID) values (12,326);
Insert into TEAM1.ACTORJOIN (CONTENTSID,ACTORID) values (12,220);
Insert into TEAM1.ACTORJOIN (CONTENTSID,ACTORID) values (12,327);
Insert into TEAM1.ACTORJOIN (CONTENTSID,ACTORID) values (13,328);
Insert into TEAM1.ACTORJOIN (CONTENTSID,ACTORID) values (13,329);
Insert into TEAM1.ACTORJOIN (CONTENTSID,ACTORID) values (13,330);
Insert into TEAM1.ACTORJOIN (CONTENTSID,ACTORID) values (13,331);
Insert into TEAM1.ACTORJOIN (CONTENTSID,ACTORID) values (14,332);
Insert into TEAM1.ACTORJOIN (CONTENTSID,ACTORID) values (14,333);
Insert into TEAM1.ACTORJOIN (CONTENTSID,ACTORID) values (14,334);
Insert into TEAM1.ACTORJOIN (CONTENTSID,ACTORID) values (14,335);
Insert into TEAM1.ACTORJOIN (CONTENTSID,ACTORID) values (14,336);
Insert into TEAM1.ACTORJOIN (CONTENTSID,ACTORID) values (14,63);
Insert into TEAM1.ACTORJOIN (CONTENTSID,ACTORID) values (14,87);
Insert into TEAM1.ACTORJOIN (CONTENTSID,ACTORID) values (14,337);
Insert into TEAM1.ACTORJOIN (CONTENTSID,ACTORID) values (15,338);
Insert into TEAM1.ACTORJOIN (CONTENTSID,ACTORID) values (15,159);
Insert into TEAM1.ACTORJOIN (CONTENTSID,ACTORID) values (15,339);
Insert into TEAM1.ACTORJOIN (CONTENTSID,ACTORID) values (15,340);
Insert into TEAM1.ACTORJOIN (CONTENTSID,ACTORID) values (15,341);
Insert into TEAM1.ACTORJOIN (CONTENTSID,ACTORID) values (15,342);
Insert into TEAM1.ACTORJOIN (CONTENTSID,ACTORID) values (16,343);
Insert into TEAM1.ACTORJOIN (CONTENTSID,ACTORID) values (16,110);
Insert into TEAM1.ACTORJOIN (CONTENTSID,ACTORID) values (16,344);
Insert into TEAM1.ACTORJOIN (CONTENTSID,ACTORID) values (16,345);
Insert into TEAM1.ACTORJOIN (CONTENTSID,ACTORID) values (16,346);
Insert into TEAM1.ACTORJOIN (CONTENTSID,ACTORID) values (16,66);
Insert into TEAM1.ACTORJOIN (CONTENTSID,ACTORID) values (16,347);
Insert into TEAM1.ACTORJOIN (CONTENTSID,ACTORID) values (17,348);
Insert into TEAM1.ACTORJOIN (CONTENTSID,ACTORID) values (17,349);
Insert into TEAM1.ACTORJOIN (CONTENTSID,ACTORID) values (17,234);
Insert into TEAM1.ACTORJOIN (CONTENTSID,ACTORID) values (17,350);
Insert into TEAM1.ACTORJOIN (CONTENTSID,ACTORID) values (17,239);
Insert into TEAM1.ACTORJOIN (CONTENTSID,ACTORID) values (17,351);
Insert into TEAM1.ACTORJOIN (CONTENTSID,ACTORID) values (17,352);
Insert into TEAM1.ACTORJOIN (CONTENTSID,ACTORID) values (18,231);
Insert into TEAM1.ACTORJOIN (CONTENTSID,ACTORID) values (18,234);
Insert into TEAM1.ACTORJOIN (CONTENTSID,ACTORID) values (18,237);
Insert into TEAM1.ACTORJOIN (CONTENTSID,ACTORID) values (18,235);
Insert into TEAM1.ACTORJOIN (CONTENTSID,ACTORID) values (18,236);
Insert into TEAM1.ACTORJOIN (CONTENTSID,ACTORID) values (18,233);
Insert into TEAM1.ACTORJOIN (CONTENTSID,ACTORID) values (18,353);
Insert into TEAM1.ACTORJOIN (CONTENTSID,ACTORID) values (19,354);
Insert into TEAM1.ACTORJOIN (CONTENTSID,ACTORID) values (19,355);
Insert into TEAM1.ACTORJOIN (CONTENTSID,ACTORID) values (19,235);
Insert into TEAM1.ACTORJOIN (CONTENTSID,ACTORID) values (19,125);
Insert into TEAM1.ACTORJOIN (CONTENTSID,ACTORID) values (19,356);
Insert into TEAM1.ACTORJOIN (CONTENTSID,ACTORID) values (19,357);
Insert into TEAM1.ACTORJOIN (CONTENTSID,ACTORID) values (20,358);
Insert into TEAM1.ACTORJOIN (CONTENTSID,ACTORID) values (20,359);
Insert into TEAM1.ACTORJOIN (CONTENTSID,ACTORID) values (20,360);
Insert into TEAM1.ACTORJOIN (CONTENTSID,ACTORID) values (20,361);
Insert into TEAM1.ACTORJOIN (CONTENTSID,ACTORID) values (20,362);
Insert into TEAM1.ACTORJOIN (CONTENTSID,ACTORID) values (20,363);
Insert into TEAM1.ACTORJOIN (CONTENTSID,ACTORID) values (20,364);
Insert into TEAM1.ACTORJOIN (CONTENTSID,ACTORID) values (21,365);
Insert into TEAM1.ACTORJOIN (CONTENTSID,ACTORID) values (21,366);
Insert into TEAM1.ACTORJOIN (CONTENTSID,ACTORID) values (21,367);
Insert into TEAM1.ACTORJOIN (CONTENTSID,ACTORID) values (21,368);
Insert into TEAM1.ACTORJOIN (CONTENTSID,ACTORID) values (21,369);
Insert into TEAM1.ACTORJOIN (CONTENTSID,ACTORID) values (23,370);
Insert into TEAM1.ACTORJOIN (CONTENTSID,ACTORID) values (23,371);
Insert into TEAM1.ACTORJOIN (CONTENTSID,ACTORID) values (24,372);
Insert into TEAM1.ACTORJOIN (CONTENTSID,ACTORID) values (24,373);
Insert into TEAM1.ACTORJOIN (CONTENTSID,ACTORID) values (24,374);
Insert into TEAM1.ACTORJOIN (CONTENTSID,ACTORID) values (24,375);
Insert into TEAM1.ACTORJOIN (CONTENTSID,ACTORID) values (24,376);
Insert into TEAM1.ACTORJOIN (CONTENTSID,ACTORID) values (24,377);
Insert into TEAM1.ACTORJOIN (CONTENTSID,ACTORID) values (24,378);
Insert into TEAM1.ACTORJOIN (CONTENTSID,ACTORID) values (25,382);
Insert into TEAM1.ACTORJOIN (CONTENTSID,ACTORID) values (25,383);
Insert into TEAM1.ACTORJOIN (CONTENTSID,ACTORID) values (25,384);
Insert into TEAM1.ACTORJOIN (CONTENTSID,ACTORID) values (25,385);
Insert into TEAM1.ACTORJOIN (CONTENTSID,ACTORID) values (25,386);
Insert into TEAM1.ACTORJOIN (CONTENTSID,ACTORID) values (25,387);
Insert into TEAM1.ACTORJOIN (CONTENTSID,ACTORID) values (25,388);
Insert into TEAM1.ACTORJOIN (CONTENTSID,ACTORID) values (26,389);
Insert into TEAM1.ACTORJOIN (CONTENTSID,ACTORID) values (26,390);
Insert into TEAM1.ACTORJOIN (CONTENTSID,ACTORID) values (26,391);
Insert into TEAM1.ACTORJOIN (CONTENTSID,ACTORID) values (26,392);
Insert into TEAM1.ACTORJOIN (CONTENTSID,ACTORID) values (26,393);
Insert into TEAM1.ACTORJOIN (CONTENTSID,ACTORID) values (26,394);
Insert into TEAM1.ACTORJOIN (CONTENTSID,ACTORID) values (26,395);
Insert into TEAM1.ACTORJOIN (CONTENTSID,ACTORID) values (27,396);
Insert into TEAM1.ACTORJOIN (CONTENTSID,ACTORID) values (27,397);
Insert into TEAM1.ACTORJOIN (CONTENTSID,ACTORID) values (27,398);
Insert into TEAM1.ACTORJOIN (CONTENTSID,ACTORID) values (27,399);
Insert into TEAM1.ACTORJOIN (CONTENTSID,ACTORID) values (27,400);
Insert into TEAM1.ACTORJOIN (CONTENTSID,ACTORID) values (27,401);
Insert into TEAM1.ACTORJOIN (CONTENTSID,ACTORID) values (27,402);
Insert into TEAM1.ACTORJOIN (CONTENTSID,ACTORID) values (28,403);
Insert into TEAM1.ACTORJOIN (CONTENTSID,ACTORID) values (28,404);
Insert into TEAM1.ACTORJOIN (CONTENTSID,ACTORID) values (28,405);
Insert into TEAM1.ACTORJOIN (CONTENTSID,ACTORID) values (28,406);
Insert into TEAM1.ACTORJOIN (CONTENTSID,ACTORID) values (28,407);
Insert into TEAM1.ACTORJOIN (CONTENTSID,ACTORID) values (29,408);
Insert into TEAM1.ACTORJOIN (CONTENTSID,ACTORID) values (29,409);
Insert into TEAM1.ACTORJOIN (CONTENTSID,ACTORID) values (29,410);
Insert into TEAM1.ACTORJOIN (CONTENTSID,ACTORID) values (29,411);
Insert into TEAM1.ACTORJOIN (CONTENTSID,ACTORID) values (29,412);
REM INSERTING into TEAM1.ACTOR_T
SET DEFINE OFF;
Insert into TEAM1.ACTOR_T (ACTORID,ACTORNAME) values (345,'황찬성');
Insert into TEAM1.ACTOR_T (ACTORID,ACTORNAME) values (346,'김혜옥');
Insert into TEAM1.ACTOR_T (ACTORID,ACTORNAME) values (347,'황보라');
Insert into TEAM1.ACTOR_T (ACTORID,ACTORNAME) values (348,'이덕화');
Insert into TEAM1.ACTOR_T (ACTORID,ACTORNAME) values (349,'이경규');
Insert into TEAM1.ACTOR_T (ACTORID,ACTORNAME) values (350,'이태곤');
Insert into TEAM1.ACTOR_T (ACTORID,ACTORNAME) values (351,'박진철');
Insert into TEAM1.ACTOR_T (ACTORID,ACTORNAME) values (352,'지상렬');
Insert into TEAM1.ACTOR_T (ACTORID,ACTORNAME) values (353,'이진호');
Insert into TEAM1.ACTOR_T (ACTORID,ACTORNAME) values (354,'김성주');
Insert into TEAM1.ACTOR_T (ACTORID,ACTORNAME) values (355,'장동민');
Insert into TEAM1.ACTOR_T (ACTORID,ACTORNAME) values (356,'최영재');
Insert into TEAM1.ACTOR_T (ACTORID,ACTORNAME) values (357,'츄');
Insert into TEAM1.ACTOR_T (ACTORID,ACTORNAME) values (358,'임상현');
Insert into TEAM1.ACTOR_T (ACTORID,ACTORNAME) values (359,'박윤희');
Insert into TEAM1.ACTOR_T (ACTORID,ACTORNAME) values (360,'강시현');
Insert into TEAM1.ACTOR_T (ACTORID,ACTORNAME) values (361,'홍범기');
Insert into TEAM1.ACTOR_T (ACTORID,ACTORNAME) values (362,'김현옥');
Insert into TEAM1.ACTOR_T (ACTORID,ACTORNAME) values (363,'이인석');
Insert into TEAM1.ACTOR_T (ACTORID,ACTORNAME) values (364,'송하림');
Insert into TEAM1.ACTOR_T (ACTORID,ACTORNAME) values (365,'미즈타 와사비');
Insert into TEAM1.ACTOR_T (ACTORID,ACTORNAME) values (366,'오하라 메구미');
Insert into TEAM1.ACTOR_T (ACTORID,ACTORNAME) values (367,'카카즈 유미');
Insert into TEAM1.ACTOR_T (ACTORID,ACTORNAME) values (368,'스바루 키무라');
Insert into TEAM1.ACTOR_T (ACTORID,ACTORNAME) values (369,'세키 토모카즈');
Insert into TEAM1.ACTOR_T (ACTORID,ACTORNAME) values (370,'윤택');
Insert into TEAM1.ACTOR_T (ACTORID,ACTORNAME) values (371,'이승윤');
Insert into TEAM1.ACTOR_T (ACTORID,ACTORNAME) values (372,'김동희');
Insert into TEAM1.ACTOR_T (ACTORID,ACTORNAME) values (373,'정다빈');
Insert into TEAM1.ACTOR_T (ACTORID,ACTORNAME) values (374,'박주현');
Insert into TEAM1.ACTOR_T (ACTORID,ACTORNAME) values (375,'남윤수');
Insert into TEAM1.ACTOR_T (ACTORID,ACTORNAME) values (376,'최민수');
Insert into TEAM1.ACTOR_T (ACTORID,ACTORNAME) values (377,'김여진');
Insert into TEAM1.ACTOR_T (ACTORID,ACTORNAME) values (378,'박혁권');
Insert into TEAM1.ACTOR_T (ACTORID,ACTORNAME) values (379,'야마시타 다이키');
Insert into TEAM1.ACTOR_T (ACTORID,ACTORNAME) values (380,'미야케 켄타');
Insert into TEAM1.ACTOR_T (ACTORID,ACTORNAME) values (381,'오카모토 노부히코');
Insert into TEAM1.ACTOR_T (ACTORID,ACTORNAME) values (382,'류승룡');
Insert into TEAM1.ACTOR_T (ACTORID,ACTORNAME) values (383,'이하늬');
Insert into TEAM1.ACTOR_T (ACTORID,ACTORNAME) values (384,'진선규');
Insert into TEAM1.ACTOR_T (ACTORID,ACTORNAME) values (385,'이동휘');
Insert into TEAM1.ACTOR_T (ACTORID,ACTORNAME) values (386,'공명');
Insert into TEAM1.ACTOR_T (ACTORID,ACTORNAME) values (387,'신하균');
Insert into TEAM1.ACTOR_T (ACTORID,ACTORNAME) values (388,'오정세');
Insert into TEAM1.ACTOR_T (ACTORID,ACTORNAME) values (389,'김태리');
Insert into TEAM1.ACTOR_T (ACTORID,ACTORNAME) values (390,'류준열');
Insert into TEAM1.ACTOR_T (ACTORID,ACTORNAME) values (391,'문소리');
Insert into TEAM1.ACTOR_T (ACTORID,ACTORNAME) values (392,'진기주');
Insert into TEAM1.ACTOR_T (ACTORID,ACTORNAME) values (393,'전국향');
Insert into TEAM1.ACTOR_T (ACTORID,ACTORNAME) values (394,'박원상');
Insert into TEAM1.ACTOR_T (ACTORID,ACTORNAME) values (395,'정준원');
Insert into TEAM1.ACTOR_T (ACTORID,ACTORNAME) values (396,'톰 엘리스');
Insert into TEAM1.ACTOR_T (ACTORID,ACTORNAME) values (397,'로런 저먼');
Insert into TEAM1.ACTOR_T (ACTORID,ACTORNAME) values (398,'케빈 알레한드로');
Insert into TEAM1.ACTOR_T (ACTORID,ACTORNAME) values (399,'D.B우드사이드');
Insert into TEAM1.ACTOR_T (ACTORID,ACTORNAME) values (400,'리즐리엔 브랜드');
Insert into TEAM1.ACTOR_T (ACTORID,ACTORNAME) values (401,'에이미 가르시아');
Insert into TEAM1.ACTOR_T (ACTORID,ACTORNAME) values (402,'스칼릿 에스테베스');
Insert into TEAM1.ACTOR_T (ACTORID,ACTORNAME) values (403,'엔드루 링컨');
Insert into TEAM1.ACTOR_T (ACTORID,ACTORNAME) values (404,'스티븐 연');
Insert into TEAM1.ACTOR_T (ACTORID,ACTORNAME) values (405,'노만 리더스');
Insert into TEAM1.ACTOR_T (ACTORID,ACTORNAME) values (406,'켄들러 릭스');
Insert into TEAM1.ACTOR_T (ACTORID,ACTORNAME) values (407,'멀리사 맥브라이드');
Insert into TEAM1.ACTOR_T (ACTORID,ACTORNAME) values (408,'헨리 카빌');
Insert into TEAM1.ACTOR_T (ACTORID,ACTORNAME) values (409,'애니아 철로트라');
Insert into TEAM1.ACTOR_T (ACTORID,ACTORNAME) values (410,'프레이아 앨런');
Insert into TEAM1.ACTOR_T (ACTORID,ACTORNAME) values (411,'이먼패런');
Insert into TEAM1.ACTOR_T (ACTORID,ACTORNAME) values (412,'미안나 버링');
Insert into TEAM1.ACTOR_T (ACTORID,ACTORNAME) values (413,'미미 카이사');
Insert into TEAM1.ACTOR_T (ACTORID,ACTORNAME) values (205,'카미키 류노스케');
Insert into TEAM1.ACTOR_T (ACTORID,ACTORNAME) values (206,'카미시라이시 모네');
Insert into TEAM1.ACTOR_T (ACTORID,ACTORNAME) values (207,'나가사와 마사미');
Insert into TEAM1.ACTOR_T (ACTORID,ACTORNAME) values (208,'나리타 료');
Insert into TEAM1.ACTOR_T (ACTORID,ACTORNAME) values (209,'유우키 아오이');
Insert into TEAM1.ACTOR_T (ACTORID,ACTORNAME) values (210,'이치하라 에츠코');
Insert into TEAM1.ACTOR_T (ACTORID,ACTORNAME) values (211,'시마자키 노부나가');
Insert into TEAM1.ACTOR_T (ACTORID,ACTORNAME) values (212,'이시카와 카이토');
Insert into TEAM1.ACTOR_T (ACTORID,ACTORNAME) values (213,'타니 카논');
Insert into TEAM1.ACTOR_T (ACTORID,ACTORNAME) values (214,'테라소마 마사키');
Insert into TEAM1.ACTOR_T (ACTORID,ACTORNAME) values (215,'오오하라 사야카');
Insert into TEAM1.ACTOR_T (ACTORID,ACTORNAME) values (216,'이노우에 카즈히코');
Insert into TEAM1.ACTOR_T (ACTORID,ACTORNAME) values (217,'챠후린');
Insert into TEAM1.ACTOR_T (ACTORID,ACTORNAME) values (218,'하나자와 카나');
Insert into TEAM1.ACTOR_T (ACTORID,ACTORNAME) values (219,'히이라기 루미');
Insert into TEAM1.ACTOR_T (ACTORID,ACTORNAME) values (220,'이리노 미유');
Insert into TEAM1.ACTOR_T (ACTORID,ACTORNAME) values (221,'나츠키 마리');
Insert into TEAM1.ACTOR_T (ACTORID,ACTORNAME) values (222,'사와구치 야스코');
Insert into TEAM1.ACTOR_T (ACTORID,ACTORNAME) values (223,'가슈인 타츠야');
Insert into TEAM1.ACTOR_T (ACTORID,ACTORNAME) values (224,'타마이 유미');
Insert into TEAM1.ACTOR_T (ACTORID,ACTORNAME) values (225,'오오이즈미 요');
Insert into TEAM1.ACTOR_T (ACTORID,ACTORNAME) values (226,'하야시 고바');
Insert into TEAM1.ACTOR_T (ACTORID,ACTORNAME) values (227,'카미죠 츠네히코');
Insert into TEAM1.ACTOR_T (ACTORID,ACTORNAME) values (228,'오노 타케히코');
Insert into TEAM1.ACTOR_T (ACTORID,ACTORNAME) values (229,'스가와라 분타');
Insert into TEAM1.ACTOR_T (ACTORID,ACTORNAME) values (230,'사이토 시로');
Insert into TEAM1.ACTOR_T (ACTORID,ACTORNAME) values (231,'강호동');
Insert into TEAM1.ACTOR_T (ACTORID,ACTORNAME) values (232,'서장훈');
Insert into TEAM1.ACTOR_T (ACTORID,ACTORNAME) values (233,'김영철');
Insert into TEAM1.ACTOR_T (ACTORID,ACTORNAME) values (234,'이수근');
Insert into TEAM1.ACTOR_T (ACTORID,ACTORNAME) values (235,'김희철');
Insert into TEAM1.ACTOR_T (ACTORID,ACTORNAME) values (236,'민경훈');
Insert into TEAM1.ACTOR_T (ACTORID,ACTORNAME) values (237,'이상민');
Insert into TEAM1.ACTOR_T (ACTORID,ACTORNAME) values (238,'유민상');
Insert into TEAM1.ACTOR_T (ACTORID,ACTORNAME) values (239,'김준현');
Insert into TEAM1.ACTOR_T (ACTORID,ACTORNAME) values (240,'김민경');
Insert into TEAM1.ACTOR_T (ACTORID,ACTORNAME) values (241,'문세윤');
Insert into TEAM1.ACTOR_T (ACTORID,ACTORNAME) values (242,'은지원');
Insert into TEAM1.ACTOR_T (ACTORID,ACTORNAME) values (243,'규현');
Insert into TEAM1.ACTOR_T (ACTORID,ACTORNAME) values (244,'송민호');
Insert into TEAM1.ACTOR_T (ACTORID,ACTORNAME) values (245,'피오');
Insert into TEAM1.ACTOR_T (ACTORID,ACTORNAME) values (246,'안성기');
Insert into TEAM1.ACTOR_T (ACTORID,ACTORNAME) values (247,'이제훈');
Insert into TEAM1.ACTOR_T (ACTORID,ACTORNAME) values (248,'조진웅');
Insert into TEAM1.ACTOR_T (ACTORID,ACTORNAME) values (249,'장현성');
Insert into TEAM1.ACTOR_T (ACTORID,ACTORNAME) values (250,'정해균');
Insert into TEAM1.ACTOR_T (ACTORID,ACTORNAME) values (251,'김원해');
Insert into TEAM1.ACTOR_T (ACTORID,ACTORNAME) values (252,'정한비');
Insert into TEAM1.ACTOR_T (ACTORID,ACTORNAME) values (253,'이유준');
Insert into TEAM1.ACTOR_T (ACTORID,ACTORNAME) values (254,'김민규');
Insert into TEAM1.ACTOR_T (ACTORID,ACTORNAME) values (255,'손현주');
Insert into TEAM1.ACTOR_T (ACTORID,ACTORNAME) values (256,'이시아');
Insert into TEAM1.ACTOR_T (ACTORID,ACTORNAME) values (257,'김기천');
Insert into TEAM1.ACTOR_T (ACTORID,ACTORNAME) values (258,'이상엽');
Insert into TEAM1.ACTOR_T (ACTORID,ACTORNAME) values (259,'서은아');
Insert into TEAM1.ACTOR_T (ACTORID,ACTORNAME) values (260,'이동하');
Insert into TEAM1.ACTOR_T (ACTORID,ACTORNAME) values (261,'찬희');
Insert into TEAM1.ACTOR_T (ACTORID,ACTORNAME) values (262,'임화영');
Insert into TEAM1.ACTOR_T (ACTORID,ACTORNAME) values (263,'김현빈');
Insert into TEAM1.ACTOR_T (ACTORID,ACTORNAME) values (264,'이정재');
Insert into TEAM1.ACTOR_T (ACTORID,ACTORNAME) values (265,'박해수');
Insert into TEAM1.ACTOR_T (ACTORID,ACTORNAME) values (266,'위하준');
Insert into TEAM1.ACTOR_T (ACTORID,ACTORNAME) values (267,'오영수');
Insert into TEAM1.ACTOR_T (ACTORID,ACTORNAME) values (268,'정호연');
Insert into TEAM1.ACTOR_T (ACTORID,ACTORNAME) values (269,'허성태');
Insert into TEAM1.ACTOR_T (ACTORID,ACTORNAME) values (270,'김주령');
Insert into TEAM1.ACTOR_T (ACTORID,ACTORNAME) values (271,'트라파티 아누팜');
Insert into TEAM1.ACTOR_T (ACTORID,ACTORNAME) values (272,'유성주');
Insert into TEAM1.ACTOR_T (ACTORID,ACTORNAME) values (273,'신민아');
Insert into TEAM1.ACTOR_T (ACTORID,ACTORNAME) values (274,'김선호');
Insert into TEAM1.ACTOR_T (ACTORID,ACTORNAME) values (275,'이상이');
Insert into TEAM1.ACTOR_T (ACTORID,ACTORNAME) values (276,'공민정');
Insert into TEAM1.ACTOR_T (ACTORID,ACTORNAME) values (277,'김영옥');
Insert into TEAM1.ACTOR_T (ACTORID,ACTORNAME) values (278,'조한철');
Insert into TEAM1.ACTOR_T (ACTORID,ACTORNAME) values (279,'인교진');
Insert into TEAM1.ACTOR_T (ACTORID,ACTORNAME) values (280,'이봉련');
Insert into TEAM1.ACTOR_T (ACTORID,ACTORNAME) values (281,'차청화');
Insert into TEAM1.ACTOR_T (ACTORID,ACTORNAME) values (282,'강형석');
Insert into TEAM1.ACTOR_T (ACTORID,ACTORNAME) values (283,'라이언 고슬링');
Insert into TEAM1.ACTOR_T (ACTORID,ACTORNAME) values (284,'엠마 스톤');
Insert into TEAM1.ACTOR_T (ACTORID,ACTORNAME) values (285,'존 레전드');
Insert into TEAM1.ACTOR_T (ACTORID,ACTORNAME) values (286,'로즈마리 드윗');
Insert into TEAM1.ACTOR_T (ACTORID,ACTORNAME) values (287,'소노야 미즈노');
Insert into TEAM1.ACTOR_T (ACTORID,ACTORNAME) values (288,'제시카 로스');
Insert into TEAM1.ACTOR_T (ACTORID,ACTORNAME) values (289,'켈리 허낸데즈');
Insert into TEAM1.ACTOR_T (ACTORID,ACTORNAME) values (290,'J.K 시먼스');
Insert into TEAM1.ACTOR_T (ACTORID,ACTORNAME) values (291,'핀 위트록');
Insert into TEAM1.ACTOR_T (ACTORID,ACTORNAME) values (292,'톰 에버렛 스콘');
Insert into TEAM1.ACTOR_T (ACTORID,ACTORNAME) values (293,'미건 페이');
Insert into TEAM1.ACTOR_T (ACTORID,ACTORNAME) values (294,'제이슨 푹스');
Insert into TEAM1.ACTOR_T (ACTORID,ACTORNAME) values (295,'로버트 드니로');
Insert into TEAM1.ACTOR_T (ACTORID,ACTORNAME) values (296,'앤 해서웨이');
Insert into TEAM1.ACTOR_T (ACTORID,ACTORNAME) values (297,'러네이 루소');
Insert into TEAM1.ACTOR_T (ACTORID,ACTORNAME) values (298,'앤더스 홈');
Insert into TEAM1.ACTOR_T (ACTORID,ACTORNAME) values (299,'조조 커슈너');
Insert into TEAM1.ACTOR_T (ACTORID,ACTORNAME) values (300,'앤드루 래널스');
Insert into TEAM1.ACTOR_T (ACTORID,ACTORNAME) values (301,'애덤 더바인');
Insert into TEAM1.ACTOR_T (ACTORID,ACTORNAME) values (302,'댁 펄먼');
Insert into TEAM1.ACTOR_T (ACTORID,ACTORNAME) values (303,'제이슨 올리');
Insert into TEAM1.ACTOR_T (ACTORID,ACTORNAME) values (304,'크리스티나 세러');
Insert into TEAM1.ACTOR_T (ACTORID,ACTORNAME) values (305,'최민식');
Insert into TEAM1.ACTOR_T (ACTORID,ACTORNAME) values (306,'작성웅');
Insert into TEAM1.ACTOR_T (ACTORID,ACTORNAME) values (307,'송지효');
Insert into TEAM1.ACTOR_T (ACTORID,ACTORNAME) values (308,'최일화');
Insert into TEAM1.ACTOR_T (ACTORID,ACTORNAME) values (309,'장광');
Insert into TEAM1.ACTOR_T (ACTORID,ACTORNAME) values (310,'류승범');
Insert into TEAM1.ACTOR_T (ACTORID,ACTORNAME) values (311,'오언 윌슨');
Insert into TEAM1.ACTOR_T (ACTORID,ACTORNAME) values (312,'레이첼 맥아담스');
Insert into TEAM1.ACTOR_T (ACTORID,ACTORNAME) values (313,'마리옹 꼬띠아르');
Insert into TEAM1.ACTOR_T (ACTORID,ACTORNAME) values (314,'코리 스톨');
Insert into TEAM1.ACTOR_T (ACTORID,ACTORNAME) values (315,'니나 아리안다');
Insert into TEAM1.ACTOR_T (ACTORID,ACTORNAME) values (316,'콤 히들스턴');
Insert into TEAM1.ACTOR_T (ACTORID,ACTORNAME) values (317,'마이클 신');
Insert into TEAM1.ACTOR_T (ACTORID,ACTORNAME) values (318,'레아 세두');
Insert into TEAM1.ACTOR_T (ACTORID,ACTORNAME) values (319,'하나에 나쓰키');
Insert into TEAM1.ACTOR_T (ACTORID,ACTORNAME) values (320,'기토 아카리');
Insert into TEAM1.ACTOR_T (ACTORID,ACTORNAME) values (321,'시모노 히로');
Insert into TEAM1.ACTOR_T (ACTORID,ACTORNAME) values (322,'마츠오카 요시츠구');
Insert into TEAM1.ACTOR_T (ACTORID,ACTORNAME) values (323,'사쿠라이 다카히로');
Insert into TEAM1.ACTOR_T (ACTORID,ACTORNAME) values (324,'무라세 아유무');
Insert into TEAM1.ACTOR_T (ACTORID,ACTORNAME) values (325,'이시카와 가이토');
Insert into TEAM1.ACTOR_T (ACTORID,ACTORNAME) values (326,'히노 사토시');
Insert into TEAM1.ACTOR_T (ACTORID,ACTORNAME) values (327,'하야시 유');
Insert into TEAM1.ACTOR_T (ACTORID,ACTORNAME) values (328,'이시카와 유이');
Insert into TEAM1.ACTOR_T (ACTORID,ACTORNAME) values (329,'코야스 타케히토');
Insert into TEAM1.ACTOR_T (ACTORID,ACTORNAME) values (330,'나미카와 다이스케');
Insert into TEAM1.ACTOR_T (ACTORID,ACTORNAME) values (331,'엔도 아야');
Insert into TEAM1.ACTOR_T (ACTORID,ACTORNAME) values (332,'공유');
Insert into TEAM1.ACTOR_T (ACTORID,ACTORNAME) values (333,'김고은');
Insert into TEAM1.ACTOR_T (ACTORID,ACTORNAME) values (334,'이동욱');
Insert into TEAM1.ACTOR_T (ACTORID,ACTORNAME) values (335,'유인나');
Insert into TEAM1.ACTOR_T (ACTORID,ACTORNAME) values (336,'육성재');
Insert into TEAM1.ACTOR_T (ACTORID,ACTORNAME) values (337,'황석정');
Insert into TEAM1.ACTOR_T (ACTORID,ACTORNAME) values (338,'이선균');
Insert into TEAM1.ACTOR_T (ACTORID,ACTORNAME) values (339,'고두심');
Insert into TEAM1.ACTOR_T (ACTORID,ACTORNAME) values (340,'박호산');
Insert into TEAM1.ACTOR_T (ACTORID,ACTORNAME) values (341,'송새벽');
Insert into TEAM1.ACTOR_T (ACTORID,ACTORNAME) values (342,'김영민');
Insert into TEAM1.ACTOR_T (ACTORID,ACTORNAME) values (343,'박서준');
Insert into TEAM1.ACTOR_T (ACTORID,ACTORNAME) values (344,'이태환');
Insert into TEAM1.ACTOR_T (ACTORID,ACTORNAME) values (1,'황정민');
Insert into TEAM1.ACTOR_T (ACTORID,ACTORNAME) values (2,'김재범');
Insert into TEAM1.ACTOR_T (ACTORID,ACTORNAME) values (3,'이유미');
Insert into TEAM1.ACTOR_T (ACTORID,ACTORNAME) values (4,'류경수');
Insert into TEAM1.ACTOR_T (ACTORID,ACTORNAME) values (5,'정재원');
Insert into TEAM1.ACTOR_T (ACTORID,ACTORNAME) values (6,'이규원');
Insert into TEAM1.ACTOR_T (ACTORID,ACTORNAME) values (7,'이호정');
Insert into TEAM1.ACTOR_T (ACTORID,ACTORNAME) values (8,'조경현');
Insert into TEAM1.ACTOR_T (ACTORID,ACTORNAME) values (9,'신현종');
Insert into TEAM1.ACTOR_T (ACTORID,ACTORNAME) values (10,'백주희');
Insert into TEAM1.ACTOR_T (ACTORID,ACTORNAME) values (11,'한규원');
Insert into TEAM1.ACTOR_T (ACTORID,ACTORNAME) values (12,'지남혁');
Insert into TEAM1.ACTOR_T (ACTORID,ACTORNAME) values (13,'류성현');
Insert into TEAM1.ACTOR_T (ACTORID,ACTORNAME) values (14,'김재철');
Insert into TEAM1.ACTOR_T (ACTORID,ACTORNAME) values (15,'임형태');
Insert into TEAM1.ACTOR_T (ACTORID,ACTORNAME) values (16,'강덕중');
Insert into TEAM1.ACTOR_T (ACTORID,ACTORNAME) values (17,'송강호');
Insert into TEAM1.ACTOR_T (ACTORID,ACTORNAME) values (18,'변희봉');
Insert into TEAM1.ACTOR_T (ACTORID,ACTORNAME) values (19,'박해일');
Insert into TEAM1.ACTOR_T (ACTORID,ACTORNAME) values (20,'배두나');
Insert into TEAM1.ACTOR_T (ACTORID,ACTORNAME) values (21,'고아성');
Insert into TEAM1.ACTOR_T (ACTORID,ACTORNAME) values (22,'오달수');
Insert into TEAM1.ACTOR_T (ACTORID,ACTORNAME) values (23,'이재용');
Insert into TEAM1.ACTOR_T (ACTORID,ACTORNAME) values (24,'이동호');
Insert into TEAM1.ACTOR_T (ACTORID,ACTORNAME) values (25,'문제윤');
Insert into TEAM1.ACTOR_T (ACTORID,ACTORNAME) values (26,'김뢰하');
Insert into TEAM1.ACTOR_T (ACTORID,ACTORNAME) values (27,'박노식');
Insert into TEAM1.ACTOR_T (ACTORID,ACTORNAME) values (28,'고수희');
Insert into TEAM1.ACTOR_T (ACTORID,ACTORNAME) values (29,'조승우');
Insert into TEAM1.ACTOR_T (ACTORID,ACTORNAME) values (30,'김혜수');
Insert into TEAM1.ACTOR_T (ACTORID,ACTORNAME) values (31,'백윤식');
Insert into TEAM1.ACTOR_T (ACTORID,ACTORNAME) values (32,'유해진');
Insert into TEAM1.ACTOR_T (ACTORID,ACTORNAME) values (33,'김응수');
Insert into TEAM1.ACTOR_T (ACTORID,ACTORNAME) values (34,'김상호');
Insert into TEAM1.ACTOR_T (ACTORID,ACTORNAME) values (35,'김윤석');
Insert into TEAM1.ACTOR_T (ACTORID,ACTORNAME) values (36,'주진모');
Insert into TEAM1.ACTOR_T (ACTORID,ACTORNAME) values (37,'김경익');
Insert into TEAM1.ACTOR_T (ACTORID,ACTORNAME) values (38,'이수경');
Insert into TEAM1.ACTOR_T (ACTORID,ACTORNAME) values (39,'김정난');
Insert into TEAM1.ACTOR_T (ACTORID,ACTORNAME) values (40,'권태원');
Insert into TEAM1.ACTOR_T (ACTORID,ACTORNAME) values (41,'조상건');
Insert into TEAM1.ACTOR_T (ACTORID,ACTORNAME) values (42,'백도빈');
Insert into TEAM1.ACTOR_T (ACTORID,ACTORNAME) values (43,'서동수');
Insert into TEAM1.ACTOR_T (ACTORID,ACTORNAME) values (45,'케이트 윈슬렛');
Insert into TEAM1.ACTOR_T (ACTORID,ACTORNAME) values (46,'빌리 제인');
Insert into TEAM1.ACTOR_T (ACTORID,ACTORNAME) values (47,'캐시 베이츠');
Insert into TEAM1.ACTOR_T (ACTORID,ACTORNAME) values (48,'프란시스 피셔');
Insert into TEAM1.ACTOR_T (ACTORID,ACTORNAME) values (49,'버나드 힐');
Insert into TEAM1.ACTOR_T (ACTORID,ACTORNAME) values (50,'대니 누치');
Insert into TEAM1.ACTOR_T (ACTORID,ACTORNAME) values (51,'글로리아 스튜어트');
Insert into TEAM1.ACTOR_T (ACTORID,ACTORNAME) values (52,'조나단 하이드');
Insert into TEAM1.ACTOR_T (ACTORID,ACTORNAME) values (53,'빅터 가버');
Insert into TEAM1.ACTOR_T (ACTORID,ACTORNAME) values (54,'데이비드 위터');
Insert into TEAM1.ACTOR_T (ACTORID,ACTORNAME) values (55,'수지 에이미스');
Insert into TEAM1.ACTOR_T (ACTORID,ACTORNAME) values (56,'빌 팩스톤');
Insert into TEAM1.ACTOR_T (ACTORID,ACTORNAME) values (57,'이병헌');
Insert into TEAM1.ACTOR_T (ACTORID,ACTORNAME) values (58,'이경영');
Insert into TEAM1.ACTOR_T (ACTORID,ACTORNAME) values (59,'김홍파');
Insert into TEAM1.ACTOR_T (ACTORID,ACTORNAME) values (60,'배성우');
Insert into TEAM1.ACTOR_T (ACTORID,ACTORNAME) values (61,'조재윤');
Insert into TEAM1.ACTOR_T (ACTORID,ACTORNAME) values (62,'김대명');
Insert into TEAM1.ACTOR_T (ACTORID,ACTORNAME) values (63,'조우진');
Insert into TEAM1.ACTOR_T (ACTORID,ACTORNAME) values (64,'이엘');
Insert into TEAM1.ACTOR_T (ACTORID,ACTORNAME) values (65,'정만식');
Insert into TEAM1.ACTOR_T (ACTORID,ACTORNAME) values (66,'김병옥');
Insert into TEAM1.ACTOR_T (ACTORID,ACTORNAME) values (67,'김의성');
Insert into TEAM1.ACTOR_T (ACTORID,ACTORNAME) values (68,'박진우');
Insert into TEAM1.ACTOR_T (ACTORID,ACTORNAME) values (69,'남일우');
Insert into TEAM1.ACTOR_T (ACTORID,ACTORNAME) values (70,'존 파브로');
Insert into TEAM1.ACTOR_T (ACTORID,ACTORNAME) values (71,'엠제이 안소니');
Insert into TEAM1.ACTOR_T (ACTORID,ACTORNAME) values (72,'소피아 베르가라');
Insert into TEAM1.ACTOR_T (ACTORID,ACTORNAME) values (73,'스칼릿 조핸슨');
Insert into TEAM1.ACTOR_T (ACTORID,ACTORNAME) values (74,'더스틴 호프만');
Insert into TEAM1.ACTOR_T (ACTORID,ACTORNAME) values (75,'로버트 다우니 주니어');
Insert into TEAM1.ACTOR_T (ACTORID,ACTORNAME) values (76,'존 레귀자모');
Insert into TEAM1.ACTOR_T (ACTORID,ACTORNAME) values (77,'올리버 플랫');
Insert into TEAM1.ACTOR_T (ACTORID,ACTORNAME) values (78,'바비 카나베일');
Insert into TEAM1.ACTOR_T (ACTORID,ACTORNAME) values (79,'에이미 세다리스');
Insert into TEAM1.ACTOR_T (ACTORID,ACTORNAME) values (80,'닐리 풀러');
Insert into TEAM1.ACTOR_T (ACTORID,ACTORNAME) values (81,'벤자민 야콥');
Insert into TEAM1.ACTOR_T (ACTORID,ACTORNAME) values (82,'애론 프랭클린');
Insert into TEAM1.ACTOR_T (ACTORID,ACTORNAME) values (83,'개리 클라크 주니어');
Insert into TEAM1.ACTOR_T (ACTORID,ACTORNAME) values (84,'로이 최');
Insert into TEAM1.ACTOR_T (ACTORID,ACTORNAME) values (85,'러셀 피터스');
Insert into TEAM1.ACTOR_T (ACTORID,ACTORNAME) values (86,'윌 슐츠');
Insert into TEAM1.ACTOR_T (ACTORID,ACTORNAME) values (87,'정해인');
Insert into TEAM1.ACTOR_T (ACTORID,ACTORNAME) values (88,'구교환');
Insert into TEAM1.ACTOR_T (ACTORID,ACTORNAME) values (89,'김성균');
Insert into TEAM1.ACTOR_T (ACTORID,ACTORNAME) values (90,'손석구');
Insert into TEAM1.ACTOR_T (ACTORID,ACTORNAME) values (91,'조현철');
Insert into TEAM1.ACTOR_T (ACTORID,ACTORNAME) values (92,'신승호');
Insert into TEAM1.ACTOR_T (ACTORID,ACTORNAME) values (93,'홍경');
Insert into TEAM1.ACTOR_T (ACTORID,ACTORNAME) values (94,'김동영');
Insert into TEAM1.ACTOR_T (ACTORID,ACTORNAME) values (95,'이준영');
Insert into TEAM1.ACTOR_T (ACTORID,ACTORNAME) values (96,'최준영');
Insert into TEAM1.ACTOR_T (ACTORID,ACTORNAME) values (97,'원지안');
Insert into TEAM1.ACTOR_T (ACTORID,ACTORNAME) values (98,'이설');
Insert into TEAM1.ACTOR_T (ACTORID,ACTORNAME) values (99,'고경표');
Insert into TEAM1.ACTOR_T (ACTORID,ACTORNAME) values (100,'박세준');
Insert into TEAM1.ACTOR_T (ACTORID,ACTORNAME) values (101,'이순재');
Insert into TEAM1.ACTOR_T (ACTORID,ACTORNAME) values (102,'나문희');
Insert into TEAM1.ACTOR_T (ACTORID,ACTORNAME) values (103,'박해미');
Insert into TEAM1.ACTOR_T (ACTORID,ACTORNAME) values (104,'정준하');
Insert into TEAM1.ACTOR_T (ACTORID,ACTORNAME) values (105,'김혜성');
Insert into TEAM1.ACTOR_T (ACTORID,ACTORNAME) values (106,'정일우');
Insert into TEAM1.ACTOR_T (ACTORID,ACTORNAME) values (107,'최민용');
Insert into TEAM1.ACTOR_T (ACTORID,ACTORNAME) values (108,'신지');
Insert into TEAM1.ACTOR_T (ACTORID,ACTORNAME) values (109,'서민정');
Insert into TEAM1.ACTOR_T (ACTORID,ACTORNAME) values (110,'박민영');
Insert into TEAM1.ACTOR_T (ACTORID,ACTORNAME) values (111,'김범');
Insert into TEAM1.ACTOR_T (ACTORID,ACTORNAME) values (112,'정선우');
Insert into TEAM1.ACTOR_T (ACTORID,ACTORNAME) values (113,'염승현');
Insert into TEAM1.ACTOR_T (ACTORID,ACTORNAME) values (114,'찬성');
Insert into TEAM1.ACTOR_T (ACTORID,ACTORNAME) values (115,'클라라');
Insert into TEAM1.ACTOR_T (ACTORID,ACTORNAME) values (116,'나혜미');
Insert into TEAM1.ACTOR_T (ACTORID,ACTORNAME) values (117,'장서희');
Insert into TEAM1.ACTOR_T (ACTORID,ACTORNAME) values (118,'변우민');
Insert into TEAM1.ACTOR_T (ACTORID,ACTORNAME) values (119,'김서형');
Insert into TEAM1.ACTOR_T (ACTORID,ACTORNAME) values (120,'이재황');
Insert into TEAM1.ACTOR_T (ACTORID,ACTORNAME) values (121,'김용건');
Insert into TEAM1.ACTOR_T (ACTORID,ACTORNAME) values (122,'윤미라');
Insert into TEAM1.ACTOR_T (ACTORID,ACTORNAME) values (123,'최준용');
Insert into TEAM1.ACTOR_T (ACTORID,ACTORNAME) values (124,'금보라');
Insert into TEAM1.ACTOR_T (ACTORID,ACTORNAME) values (125,'김동현');
Insert into TEAM1.ACTOR_T (ACTORID,ACTORNAME) values (126,'오영실');
Insert into TEAM1.ACTOR_T (ACTORID,ACTORNAME) values (127,'정윤석');
Insert into TEAM1.ACTOR_T (ACTORID,ACTORNAME) values (128,'송희아');
Insert into TEAM1.ACTOR_T (ACTORID,ACTORNAME) values (129,'정애리');
Insert into TEAM1.ACTOR_T (ACTORID,ACTORNAME) values (130,'조정석');
Insert into TEAM1.ACTOR_T (ACTORID,ACTORNAME) values (131,'유연석');
Insert into TEAM1.ACTOR_T (ACTORID,ACTORNAME) values (132,'정경호');
Insert into TEAM1.ACTOR_T (ACTORID,ACTORNAME) values (133,'전미도');
Insert into TEAM1.ACTOR_T (ACTORID,ACTORNAME) values (134,'신현빈');
Insert into TEAM1.ACTOR_T (ACTORID,ACTORNAME) values (135,'전광진');
Insert into TEAM1.ACTOR_T (ACTORID,ACTORNAME) values (136,'이정원');
Insert into TEAM1.ACTOR_T (ACTORID,ACTORNAME) values (137,'이종원');
Insert into TEAM1.ACTOR_T (ACTORID,ACTORNAME) values (138,'남중규');
Insert into TEAM1.ACTOR_T (ACTORID,ACTORNAME) values (139,'김수진');
Insert into TEAM1.ACTOR_T (ACTORID,ACTORNAME) values (140,'이노아');
Insert into TEAM1.ACTOR_T (ACTORID,ACTORNAME) values (141,'이달');
Insert into TEAM1.ACTOR_T (ACTORID,ACTORNAME) values (142,'이혜은');
Insert into TEAM1.ACTOR_T (ACTORID,ACTORNAME) values (143,'김비비');
Insert into TEAM1.ACTOR_T (ACTORID,ACTORNAME) values (144,'곽선영');
Insert into TEAM1.ACTOR_T (ACTORID,ACTORNAME) values (145,'김준');
Insert into TEAM1.ACTOR_T (ACTORID,ACTORNAME) values (146,'이수미');
Insert into TEAM1.ACTOR_T (ACTORID,ACTORNAME) values (147,'이지원');
Insert into TEAM1.ACTOR_T (ACTORID,ACTORNAME) values (148,'주보비');
Insert into TEAM1.ACTOR_T (ACTORID,ACTORNAME) values (149,'윤가희');
Insert into TEAM1.ACTOR_T (ACTORID,ACTORNAME) values (150,'김해숙');
Insert into TEAM1.ACTOR_T (ACTORID,ACTORNAME) values (151,'김갑수');
Insert into TEAM1.ACTOR_T (ACTORID,ACTORNAME) values (152,'정문성');
Insert into TEAM1.ACTOR_T (ACTORID,ACTORNAME) values (153,'김강민');
Insert into TEAM1.ACTOR_T (ACTORID,ACTORNAME) values (154,'최영우');
Insert into TEAM1.ACTOR_T (ACTORID,ACTORNAME) values (155,'윤혜리');
Insert into TEAM1.ACTOR_T (ACTORID,ACTORNAME) values (156,'안은진');
Insert into TEAM1.ACTOR_T (ACTORID,ACTORNAME) values (157,'김혜인');
Insert into TEAM1.ACTOR_T (ACTORID,ACTORNAME) values (158,'김지성');
Insert into TEAM1.ACTOR_T (ACTORID,ACTORNAME) values (159,'이지은');
Insert into TEAM1.ACTOR_T (ACTORID,ACTORNAME) values (160,'여진구');
Insert into TEAM1.ACTOR_T (ACTORID,ACTORNAME) values (161,'박유나');
Insert into TEAM1.ACTOR_T (ACTORID,ACTORNAME) values (162,'신정근');
Insert into TEAM1.ACTOR_T (ACTORID,ACTORNAME) values (163,'배해선');
Insert into TEAM1.ACTOR_T (ACTORID,ACTORNAME) values (164,'표지훈');
Insert into TEAM1.ACTOR_T (ACTORID,ACTORNAME) values (165,'강미나');
Insert into TEAM1.ACTOR_T (ACTORID,ACTORNAME) values (166,'정동환');
Insert into TEAM1.ACTOR_T (ACTORID,ACTORNAME) values (167,'서이숙');
Insert into TEAM1.ACTOR_T (ACTORID,ACTORNAME) values (168,'강홍석');
Insert into TEAM1.ACTOR_T (ACTORID,ACTORNAME) values (169,'이도현');
Insert into TEAM1.ACTOR_T (ACTORID,ACTORNAME) values (170,'이태선');
Insert into TEAM1.ACTOR_T (ACTORID,ACTORNAME) values (171,'이다윗');
Insert into TEAM1.ACTOR_T (ACTORID,ACTORNAME) values (172,'오지호');
Insert into TEAM1.ACTOR_T (ACTORID,ACTORNAME) values (173,'설리');
Insert into TEAM1.ACTOR_T (ACTORID,ACTORNAME) values (174,'서은수');
Insert into TEAM1.ACTOR_T (ACTORID,ACTORNAME) values (175,'황영희');
Insert into TEAM1.ACTOR_T (ACTORID,ACTORNAME) values (176,'이승준');
Insert into TEAM1.ACTOR_T (ACTORID,ACTORNAME) values (177,'소희정');
Insert into TEAM1.ACTOR_T (ACTORID,ACTORNAME) values (178,'김수현');
Insert into TEAM1.ACTOR_T (ACTORID,ACTORNAME) values (179,'박보영');
Insert into TEAM1.ACTOR_T (ACTORID,ACTORNAME) values (180,'임주환');
Insert into TEAM1.ACTOR_T (ACTORID,ACTORNAME) values (181,'김슬기');
Insert into TEAM1.ACTOR_T (ACTORID,ACTORNAME) values (182,'박정아');
Insert into TEAM1.ACTOR_T (ACTORID,ACTORNAME) values (183,'이대연');
Insert into TEAM1.ACTOR_T (ACTORID,ACTORNAME) values (184,'이정은');
Insert into TEAM1.ACTOR_T (ACTORID,ACTORNAME) values (185,'강기영');
Insert into TEAM1.ACTOR_T (ACTORID,ACTORNAME) values (186,'최민철');
Insert into TEAM1.ACTOR_T (ACTORID,ACTORNAME) values (187,'곽시양');
Insert into TEAM1.ACTOR_T (ACTORID,ACTORNAME) values (188,'오의식');
Insert into TEAM1.ACTOR_T (ACTORID,ACTORNAME) values (189,'신혜선');
Insert into TEAM1.ACTOR_T (ACTORID,ACTORNAME) values (190,'이학주');
Insert into TEAM1.ACTOR_T (ACTORID,ACTORNAME) values (191,'김성범');
Insert into TEAM1.ACTOR_T (ACTORID,ACTORNAME) values (192,'신은경');
Insert into TEAM1.ACTOR_T (ACTORID,ACTORNAME) values (193,'서인국');
Insert into TEAM1.ACTOR_T (ACTORID,ACTORNAME) values (194,'이선');
Insert into TEAM1.ACTOR_T (ACTORID,ACTORNAME) values (195,'이미자');
Insert into TEAM1.ACTOR_T (ACTORID,ACTORNAME) values (196,'김현지');
Insert into TEAM1.ACTOR_T (ACTORID,ACTORNAME) values (197,'홍소영');
Insert into TEAM1.ACTOR_T (ACTORID,ACTORNAME) values (198,'정미숙');
Insert into TEAM1.ACTOR_T (ACTORID,ACTORNAME) values (199,'김서영');
Insert into TEAM1.ACTOR_T (ACTORID,ACTORNAME) values (200,'김환진');
Insert into TEAM1.ACTOR_T (ACTORID,ACTORNAME) values (201,'남도형');
Insert into TEAM1.ACTOR_T (ACTORID,ACTORNAME) values (202,'정승욱');
Insert into TEAM1.ACTOR_T (ACTORID,ACTORNAME) values (203,'이장원');
Insert into TEAM1.ACTOR_T (ACTORID,ACTORNAME) values (204,'황창영');
REM INSERTING into TEAM1.BOARD
SET DEFINE OFF;
Insert into TEAM1.BOARD (NUM,NAME,TITLE,READCOUNT,WRITEDATE) values (81,'LWM','test',0,to_date('21/11/10','RR/MM/DD'));
Insert into TEAM1.BOARD (NUM,NAME,TITLE,READCOUNT,WRITEDATE) values (82,'LWM','qweqwe',0,to_date('21/11/10','RR/MM/DD'));
Insert into TEAM1.BOARD (NUM,NAME,TITLE,READCOUNT,WRITEDATE) values (83,'LWM','123',0,to_date('21/11/10','RR/MM/DD'));
Insert into TEAM1.BOARD (NUM,NAME,TITLE,READCOUNT,WRITEDATE) values (84,'LWM','qwe',0,to_date('21/11/10','RR/MM/DD'));
Insert into TEAM1.BOARD (NUM,NAME,TITLE,READCOUNT,WRITEDATE) values (85,'LWM','qwe',0,to_date('21/11/10','RR/MM/DD'));
Insert into TEAM1.BOARD (NUM,NAME,TITLE,READCOUNT,WRITEDATE) values (86,'LWM','테스트',0,to_date('21/11/10','RR/MM/DD'));
Insert into TEAM1.BOARD (NUM,NAME,TITLE,READCOUNT,WRITEDATE) values (96,'김원태','1234',0,to_date('21/11/11','RR/MM/DD'));
Insert into TEAM1.BOARD (NUM,NAME,TITLE,READCOUNT,WRITEDATE) values (97,'LWM','ㅁㄴㅇㄻㄴㅇㄹ',0,to_date('21/11/11','RR/MM/DD'));
Insert into TEAM1.BOARD (NUM,NAME,TITLE,READCOUNT,WRITEDATE) values (81,'LWM','테스트입니다',0,to_date('21/11/11','RR/MM/DD'));
Insert into TEAM1.BOARD (NUM,NAME,TITLE,READCOUNT,WRITEDATE) values (82,'LWM','테스트입니다',0,to_date('21/11/11','RR/MM/DD'));
Insert into TEAM1.BOARD (NUM,NAME,TITLE,READCOUNT,WRITEDATE) values (83,'LWM','테스트입니다',0,to_date('21/11/11','RR/MM/DD'));
Insert into TEAM1.BOARD (NUM,NAME,TITLE,READCOUNT,WRITEDATE) values (84,'LWM','테스트입니다',0,to_date('21/11/11','RR/MM/DD'));
Insert into TEAM1.BOARD (NUM,NAME,TITLE,READCOUNT,WRITEDATE) values (85,'LWM','테스트입니다',0,to_date('21/11/11','RR/MM/DD'));
Insert into TEAM1.BOARD (NUM,NAME,TITLE,READCOUNT,WRITEDATE) values (86,'LWM','테스트입니다',0,to_date('21/11/11','RR/MM/DD'));
Insert into TEAM1.BOARD (NUM,NAME,TITLE,READCOUNT,WRITEDATE) values (87,'LWM','테스트입니다',0,to_date('21/11/11','RR/MM/DD'));
Insert into TEAM1.BOARD (NUM,NAME,TITLE,READCOUNT,WRITEDATE) values (88,'LWM','테스트입니다',0,to_date('21/11/11','RR/MM/DD'));
Insert into TEAM1.BOARD (NUM,NAME,TITLE,READCOUNT,WRITEDATE) values (89,'LWM','테스트입니다',0,to_date('21/11/11','RR/MM/DD'));
Insert into TEAM1.BOARD (NUM,NAME,TITLE,READCOUNT,WRITEDATE) values (98,'LWM','테스트 입니다',0,to_date('21/11/11','RR/MM/DD'));
Insert into TEAM1.BOARD (NUM,NAME,TITLE,READCOUNT,WRITEDATE) values (99,'del','del',0,to_date('21/11/12','RR/MM/DD'));
Insert into TEAM1.BOARD (NUM,NAME,TITLE,READCOUNT,WRITEDATE) values (100,'rim','123',0,to_date('21/11/12','RR/MM/DD'));
Insert into TEAM1.BOARD (NUM,NAME,TITLE,READCOUNT,WRITEDATE) values (66,'LWM','테스트 용입니다.',0,to_date('21/11/09','RR/MM/DD'));
Insert into TEAM1.BOARD (NUM,NAME,TITLE,READCOUNT,WRITEDATE) values (68,'김원태','gg',0,to_date('21/11/10','RR/MM/DD'));
Insert into TEAM1.BOARD (NUM,NAME,TITLE,READCOUNT,WRITEDATE) values (69,'LWM','asdf',0,to_date('21/11/10','RR/MM/DD'));
Insert into TEAM1.BOARD (NUM,NAME,TITLE,READCOUNT,WRITEDATE) values (70,'LWM','ㅋㅋㅋ',0,to_date('21/11/10','RR/MM/DD'));
Insert into TEAM1.BOARD (NUM,NAME,TITLE,READCOUNT,WRITEDATE) values (71,'LWM','123',0,to_date('21/11/10','RR/MM/DD'));
Insert into TEAM1.BOARD (NUM,NAME,TITLE,READCOUNT,WRITEDATE) values (76,'LWM','qweqwe',0,to_date('21/11/10','RR/MM/DD'));
Insert into TEAM1.BOARD (NUM,NAME,TITLE,READCOUNT,WRITEDATE) values (77,'김원태','123',0,to_date('21/11/10','RR/MM/DD'));
Insert into TEAM1.BOARD (NUM,NAME,TITLE,READCOUNT,WRITEDATE) values (78,'김원태','test1110109',0,to_date('21/11/10','RR/MM/DD'));
Insert into TEAM1.BOARD (NUM,NAME,TITLE,READCOUNT,WRITEDATE) values (79,'LWM','게시판 뷰 테스트',0,to_date('21/11/10','RR/MM/DD'));
Insert into TEAM1.BOARD (NUM,NAME,TITLE,READCOUNT,WRITEDATE) values (80,'LWM',null,0,to_date('21/11/10','RR/MM/DD'));
Insert into TEAM1.BOARD (NUM,NAME,TITLE,READCOUNT,WRITEDATE) values (101,'del','41123',0,to_date('21/11/12','RR/MM/DD'));
REM INSERTING into TEAM1.CLASS_T
SET DEFINE OFF;
Insert into TEAM1.CLASS_T (CLASSID,CLASSNAME) values (1,'영화');
Insert into TEAM1.CLASS_T (CLASSID,CLASSNAME) values (2,'애니');
Insert into TEAM1.CLASS_T (CLASSID,CLASSNAME) values (3,'드라마');
Insert into TEAM1.CLASS_T (CLASSID,CLASSNAME) values (4,'다큐');
Insert into TEAM1.CLASS_T (CLASSID,CLASSNAME) values (5,'예능');
Insert into TEAM1.CLASS_T (CLASSID,CLASSNAME) values (6,'test');
REM INSERTING into TEAM1.COMMENTTABLE
SET DEFINE OFF;
Insert into TEAM1.COMMENTTABLE (COMEMNTNUM,COMEMNTTYPENUM,ORIGINNUM,COMEMNTUSER,COMEMNTTEXT,COMEMNTDATE) values (3,2,63,'LWM','1234',to_date('21/11/09','RR/MM/DD'));
Insert into TEAM1.COMMENTTABLE (COMEMNTNUM,COMEMNTTYPENUM,ORIGINNUM,COMEMNTUSER,COMEMNTTEXT,COMEMNTDATE) values (2,2,41,'미미','1234김치남',to_date('21/11/08','RR/MM/DD'));
Insert into TEAM1.COMMENTTABLE (COMEMNTNUM,COMEMNTTYPENUM,ORIGINNUM,COMEMNTUSER,COMEMNTTEXT,COMEMNTDATE) values (4,2,64,'LWM','1234',to_date('21/11/09','RR/MM/DD'));
Insert into TEAM1.COMMENTTABLE (COMEMNTNUM,COMEMNTTYPENUM,ORIGINNUM,COMEMNTUSER,COMEMNTTEXT,COMEMNTDATE) values (27,2,82,'LWM','qwerr',to_date('21/11/10','RR/MM/DD'));
Insert into TEAM1.COMMENTTABLE (COMEMNTNUM,COMEMNTTYPENUM,ORIGINNUM,COMEMNTUSER,COMEMNTTEXT,COMEMNTDATE) values (24,2,78,'hyoju','test',to_date('21/11/10','RR/MM/DD'));
Insert into TEAM1.COMMENTTABLE (COMEMNTNUM,COMEMNTTYPENUM,ORIGINNUM,COMEMNTUSER,COMEMNTTEXT,COMEMNTDATE) values (25,2,80,'hyoju','tttt',to_date('21/11/10','RR/MM/DD'));
Insert into TEAM1.COMMENTTABLE (COMEMNTNUM,COMEMNTTYPENUM,ORIGINNUM,COMEMNTUSER,COMEMNTTEXT,COMEMNTDATE) values (26,2,82,'LWM','qwe',to_date('21/11/10','RR/MM/DD'));
Insert into TEAM1.COMMENTTABLE (COMEMNTNUM,COMEMNTTYPENUM,ORIGINNUM,COMEMNTUSER,COMEMNTTEXT,COMEMNTDATE) values (28,2,85,'LWM','1111',to_date('21/11/10','RR/MM/DD'));
Insert into TEAM1.COMMENTTABLE (COMEMNTNUM,COMEMNTTYPENUM,ORIGINNUM,COMEMNTUSER,COMEMNTTEXT,COMEMNTDATE) values (29,2,85,'LWM','adasfasdfdff',to_date('21/11/10','RR/MM/DD'));
Insert into TEAM1.COMMENTTABLE (COMEMNTNUM,COMEMNTTYPENUM,ORIGINNUM,COMEMNTUSER,COMEMNTTEXT,COMEMNTDATE) values (30,2,85,'LWM','asdfasfffffffffff',to_date('21/11/10','RR/MM/DD'));
Insert into TEAM1.COMMENTTABLE (COMEMNTNUM,COMEMNTTYPENUM,ORIGINNUM,COMEMNTUSER,COMEMNTTEXT,COMEMNTDATE) values (43,2,97,'LWM','adsffffasdf',to_date('21/11/11','RR/MM/DD'));
Insert into TEAM1.COMMENTTABLE (COMEMNTNUM,COMEMNTTYPENUM,ORIGINNUM,COMEMNTUSER,COMEMNTTEXT,COMEMNTDATE) values (44,2,98,'LWM','댓글 테스트 입니다.',to_date('21/11/11','RR/MM/DD'));
REM INSERTING into TEAM1.CONTENTS_T
SET DEFINE OFF;
Insert into TEAM1.CONTENTS_T (CONTENTSID,NATIONCODE,OTTID,GRADEID,CLASSID,CONTENTSTITLE,CONTENTSSUMMARY,CONTENTSSTART,CONTENTSSEASON,CONTENTSEPISODE,CONTENTSSCORE,CONTENTSDURATION,IMGNAME) values (69,'KR',1,19,1,'실험용입니다','실험용입니다.',to_date('06/10/12','RR/MM/DD'),3,3,3,3,null);
Insert into TEAM1.CONTENTS_T (CONTENTSID,NATIONCODE,OTTID,GRADEID,CLASSID,CONTENTSTITLE,CONTENTSSUMMARY,CONTENTSSTART,CONTENTSSEASON,CONTENTSEPISODE,CONTENTSSCORE,CONTENTSDURATION,IMGNAME) values (1,'KR',1,19,3,'오징어 게임','달콤하면서도 잔혹한 게임이 시작된다',to_date('21/09/17','RR/MM/DD'),1,9,2.1,0,'KR-NF-1-1');
Insert into TEAM1.CONTENTS_T (CONTENTSID,NATIONCODE,OTTID,GRADEID,CLASSID,CONTENTSTITLE,CONTENTSSUMMARY,CONTENTSSTART,CONTENTSSEASON,CONTENTSEPISODE,CONTENTSSCORE,CONTENTSDURATION,IMGNAME) values (2,'KR',1,15,3,'갯마을 차차차','대도시 생활을 접은 치과의사가 바닷가 마을에서 병원을 개업한다.',to_date('21/08/28','RR/MM/DD'),1,16,4.2,0,'KR-NF-2-1');
Insert into TEAM1.CONTENTS_T (CONTENTSID,NATIONCODE,OTTID,GRADEID,CLASSID,CONTENTSTITLE,CONTENTSSUMMARY,CONTENTSSTART,CONTENTSSEASON,CONTENTSEPISODE,CONTENTSSCORE,CONTENTSDURATION,IMGNAME) values (3,'KR',1,15,3,'D.P.','탈영병을 잡는다. 이등병 준호에게 떨어진 새로운 임무.',to_date('21/08/27','RR/MM/DD'),1,6,3.8,0,'KR-NF-3-1');
Insert into TEAM1.CONTENTS_T (CONTENTSID,NATIONCODE,OTTID,GRADEID,CLASSID,CONTENTSTITLE,CONTENTSSUMMARY,CONTENTSSTART,CONTENTSSEASON,CONTENTSEPISODE,CONTENTSSCORE,CONTENTSDURATION,IMGNAME) values (4,'KR',1,15,3,'슬기로운 의사생활+','탄생과 죽음이 공존하는,인생의 축소판이라고 불리는 병원에서 특별한 하루하루',to_date('21/06/17','RR/MM/DD'),2,12,3.9,0,'KR-NF-4-1');
Insert into TEAM1.CONTENTS_T (CONTENTSID,NATIONCODE,OTTID,GRADEID,CLASSID,CONTENTSTITLE,CONTENTSSUMMARY,CONTENTSSTART,CONTENTSSEASON,CONTENTSEPISODE,CONTENTSSCORE,CONTENTSDURATION,IMGNAME) values (5,'KR',1,15,3,'호텔 델루나','서울 도심에 수상한 호텔이 있다.',to_date('19/07/13','RR/MM/DD'),1,10,2.6,0,'KR-NF-5-1');
Insert into TEAM1.CONTENTS_T (CONTENTSID,NATIONCODE,OTTID,GRADEID,CLASSID,CONTENTSTITLE,CONTENTSSUMMARY,CONTENTSSTART,CONTENTSSEASON,CONTENTSEPISODE,CONTENTSSCORE,CONTENTSDURATION,IMGNAME) values (6,'US',1,12,1,'라라랜드','꿈꾸는 이들이 모이는 곳, LA. 우연히 만난 그들이 사랑을 키워간다.',to_date('16/12/07','RR/MM/DD'),1,1,1.8,127,'US-NF-6-1');
Insert into TEAM1.CONTENTS_T (CONTENTSID,NATIONCODE,OTTID,GRADEID,CLASSID,CONTENTSTITLE,CONTENTSSUMMARY,CONTENTSSTART,CONTENTSSEASON,CONTENTSEPISODE,CONTENTSSCORE,CONTENTSDURATION,IMGNAME) values (7,'US',1,12,1,'인턴','뜨거운 열정으로 단기간에 회사를 키워낸 30 열형 여성 이야기.',to_date('15/09/24','RR/MM/DD'),1,1,4.4,121,'US-NF-7-1');
Insert into TEAM1.CONTENTS_T (CONTENTSID,NATIONCODE,OTTID,GRADEID,CLASSID,CONTENTSTITLE,CONTENTSSUMMARY,CONTENTSSTART,CONTENTSSEASON,CONTENTSEPISODE,CONTENTSSCORE,CONTENTSDURATION,IMGNAME) values (8,'KR',1,19,1,'내부자들','대한민국을 움직이는 권력자들의 하수인 상구.',to_date('15/11/19','RR/MM/DD'),1,1,3.2,130,'KR-NF-8-1');
Insert into TEAM1.CONTENTS_T (CONTENTSID,NATIONCODE,OTTID,GRADEID,CLASSID,CONTENTSTITLE,CONTENTSSUMMARY,CONTENTSSTART,CONTENTSSEASON,CONTENTSEPISODE,CONTENTSSCORE,CONTENTSDURATION,IMGNAME) values (9,'KR',1,19,1,'신세계','국내 최대 범죄조직 골드문의 후계자 선출에 개입하라!',to_date('13/02/21','RR/MM/DD'),1,1,2.4,135,'KR-NF-9-1');
Insert into TEAM1.CONTENTS_T (CONTENTSID,NATIONCODE,OTTID,GRADEID,CLASSID,CONTENTSTITLE,CONTENTSSUMMARY,CONTENTSSTART,CONTENTSSEASON,CONTENTSEPISODE,CONTENTSSCORE,CONTENTSDURATION,IMGNAME) values (10,'US',1,15,1,'미드나잇 인 파리','매일 밤, 1920년대의 파리로 시간 여행을 떠나는 작가는 그곳에서 예술계의 거장들과 어울리며 낭만과 영감을 찾는다.',to_date('11/05/11','RR/MM/DD'),1,1,1.3,94,'US-NF-10-1');
Insert into TEAM1.CONTENTS_T (CONTENTSID,NATIONCODE,OTTID,GRADEID,CLASSID,CONTENTSTITLE,CONTENTSSUMMARY,CONTENTSSTART,CONTENTSSEASON,CONTENTSEPISODE,CONTENTSSCORE,CONTENTSDURATION,IMGNAME) values (11,'JP',1,19,2,'귀멸의 칼날','마침내 칸지로의 칼날이 모두 버려졌다!',to_date('21/02/21','RR/MM/DD'),1,26,2.2,0,'JP-NF-11-1');
Insert into TEAM1.CONTENTS_T (CONTENTSID,NATIONCODE,OTTID,GRADEID,CLASSID,CONTENTSTITLE,CONTENTSSUMMARY,CONTENTSSTART,CONTENTSSEASON,CONTENTSEPISODE,CONTENTSSCORE,CONTENTSDURATION,IMGNAME) values (12,'JP',1,15,2,'하이큐!!','거리에서 TV로 우연히 보게 된 배구 중계, 그 매력이 초등학생 히나타의 가슴에 날아와 꽂히는건 한순간이였다.',to_date('16/10/21','RR/MM/DD'),3,60,2.3,0,'JP-NF-12-1');
Insert into TEAM1.CONTENTS_T (CONTENTSID,NATIONCODE,OTTID,GRADEID,CLASSID,CONTENTSTITLE,CONTENTSSUMMARY,CONTENTSSTART,CONTENTSSEASON,CONTENTSEPISODE,CONTENTSSCORE,CONTENTSDURATION,IMGNAME) values (13,'JP',1,15,2,'바이올렛 에버가든','전쟁이 끝나자, 인간 병기로 키워진 바이올렛이 세상에 나온다.',to_date('20/11/12','RR/MM/DD'),1,13,3.5,0,'JP-NF-13-1');
Insert into TEAM1.CONTENTS_T (CONTENTSID,NATIONCODE,OTTID,GRADEID,CLASSID,CONTENTSTITLE,CONTENTSSUMMARY,CONTENTSSTART,CONTENTSSEASON,CONTENTSEPISODE,CONTENTSSCORE,CONTENTSDURATION,IMGNAME) values (14,'KR',1,15,3,'도깨비','신부를 찾아야 죽을수 있는 남자. ',to_date('16/12/02','RR/MM/DD'),1,16,1.2,0,'KR-NF-14-1');
Insert into TEAM1.CONTENTS_T (CONTENTSID,NATIONCODE,OTTID,GRADEID,CLASSID,CONTENTSTITLE,CONTENTSSUMMARY,CONTENTSSTART,CONTENTSSEASON,CONTENTSEPISODE,CONTENTSSCORE,CONTENTSDURATION,IMGNAME) values (15,'KR',1,15,3,'나의 아저씨','순리대로 살지만 소년의 순수성과 어른의 지혜를 갖춘 아저씨가 있다.',to_date('18/03/21','RR/MM/DD'),1,16,4.4,0,'KR-NF-15-1');
Insert into TEAM1.CONTENTS_T (CONTENTSID,NATIONCODE,OTTID,GRADEID,CLASSID,CONTENTSTITLE,CONTENTSSUMMARY,CONTENTSSTART,CONTENTSSEASON,CONTENTSEPISODE,CONTENTSSCORE,CONTENTSDURATION,IMGNAME) values (16,'KR',1,15,3,'김비서가 왜 그럴까','진심 아니지? 날 보필할 특권을 포기할 리 없잖아.',to_date('18/06/06','RR/MM/DD'),1,16,3.9,0,'KR-NF-16-1');
Insert into TEAM1.CONTENTS_T (CONTENTSID,NATIONCODE,OTTID,GRADEID,CLASSID,CONTENTSTITLE,CONTENTSSUMMARY,CONTENTSSTART,CONTENTSSEASON,CONTENTSEPISODE,CONTENTSSCORE,CONTENTSDURATION,IMGNAME) values (17,'KR',1,12,5,'도시어부','도시를 떠나자, 푸르른 바다로 가자.',to_date('21/05/06','RR/MM/DD'),2,66,1.7,0,'KR-NF-17-1');
Insert into TEAM1.CONTENTS_T (CONTENTSID,NATIONCODE,OTTID,GRADEID,CLASSID,CONTENTSTITLE,CONTENTSSUMMARY,CONTENTSSTART,CONTENTSSEASON,CONTENTSEPISODE,CONTENTSSCORE,CONTENTSDURATION,IMGNAME) values (18,'KR',1,15,5,'아는형님','아재 감성이 물씬 풍기는 출연진. 하지만 고등학생이라는 설정 하에 대결을 펼친다.',to_date('15/12/05','RR/MM/DD'),5,137,2.1,0,'KR-NF-18-1');
Insert into TEAM1.CONTENTS_T (CONTENTSID,NATIONCODE,OTTID,GRADEID,CLASSID,CONTENTSTITLE,CONTENTSSUMMARY,CONTENTSSTART,CONTENTSSEASON,CONTENTSEPISODE,CONTENTSSCORE,CONTENTSDURATION,IMGNAME) values (19,'KR',1,15,5,'강철부대','최강과 최강이 맞붙으면 어떤 일이 벌어질까',to_date('21/03/23','RR/MM/DD'),1,19,3.4,0,'KR-NF-19-1');
Insert into TEAM1.CONTENTS_T (CONTENTSID,NATIONCODE,OTTID,GRADEID,CLASSID,CONTENTSTITLE,CONTENTSSUMMARY,CONTENTSSTART,CONTENTSSEASON,CONTENTSEPISODE,CONTENTSSCORE,CONTENTSDURATION,IMGNAME) values (20,'US',1,7,4,'브레드 이발소','사전 예약 필수, 고객 만족 보장! 베이커리타운의 명소로 소문난 브레드 이발소.',to_date('19/01/03','RR/MM/DD'),2,65,2.3,0,'US-NF-20-1');
Insert into TEAM1.CONTENTS_T (CONTENTSID,NATIONCODE,OTTID,GRADEID,CLASSID,CONTENTSTITLE,CONTENTSSUMMARY,CONTENTSSTART,CONTENTSSEASON,CONTENTSEPISODE,CONTENTSSCORE,CONTENTSDURATION,IMGNAME) values (21,'JP',1,99,5,'도라에몽','시험은 빵점, 공부도 운동도 못하는 우리 친구 진구의 미래를 바꿔주기 위해 도라에몽이 찾아왔다.',to_date('05/04/15','RR/MM/DD'),1,14,4.5,0,'JP-NF-21-1');
Insert into TEAM1.CONTENTS_T (CONTENTSID,NATIONCODE,OTTID,GRADEID,CLASSID,CONTENTSTITLE,CONTENTSSUMMARY,CONTENTSSTART,CONTENTSSEASON,CONTENTSEPISODE,CONTENTSSCORE,CONTENTSDURATION,IMGNAME) values (22,'KR',1,99,4,'세계테마기행','다양한 여행자들의 안내를 따라 경이로운 지구 곳곳을 탐험하는 시간.',to_date('08/02/25','RR/MM/DD'),1,74,3.6,0,'KR-NF-22-1');
Insert into TEAM1.CONTENTS_T (CONTENTSID,NATIONCODE,OTTID,GRADEID,CLASSID,CONTENTSTITLE,CONTENTSSUMMARY,CONTENTSSTART,CONTENTSSEASON,CONTENTSEPISODE,CONTENTSSCORE,CONTENTSDURATION,IMGNAME) values (23,'KR',1,99,4,'나는 자연인이다','우리는 본디 자연인이 아니던가.복잡한 도시를 떠나 원시의 삶을 사는 사람들이 있다.',to_date('12/08/22','RR/MM/DD'),1,52,3.4,0,'KR-NF-23-1');
Insert into TEAM1.CONTENTS_T (CONTENTSID,NATIONCODE,OTTID,GRADEID,CLASSID,CONTENTSTITLE,CONTENTSSUMMARY,CONTENTSSTART,CONTENTSSEASON,CONTENTSEPISODE,CONTENTSSCORE,CONTENTSDURATION,IMGNAME) values (24,'KR',1,19,3,'인간수업','학교 안에서는 모범생, 학교 밖에서는 영리한 범죄자.',to_date('20/04/29','RR/MM/DD'),1,10,1.7,0,'KR-NF-24-1');
Insert into TEAM1.CONTENTS_T (CONTENTSID,NATIONCODE,OTTID,GRADEID,CLASSID,CONTENTSTITLE,CONTENTSSUMMARY,CONTENTSSTART,CONTENTSSEASON,CONTENTSEPISODE,CONTENTSSCORE,CONTENTSDURATION,IMGNAME) values (25,'KR',1,15,1,'극한직업','범죄 조직 일당을 감시하기 위해 마약반 형사들이 위장 창업으로 치킨집을 열었다.',to_date('19/01/23','RR/MM/DD'),1,1,1.5,111,'KR-NF-25-1');
Insert into TEAM1.CONTENTS_T (CONTENTSID,NATIONCODE,OTTID,GRADEID,CLASSID,CONTENTSTITLE,CONTENTSSUMMARY,CONTENTSSTART,CONTENTSSEASON,CONTENTSEPISODE,CONTENTSSCORE,CONTENTSDURATION,IMGNAME) values (26,'KR',1,99,1,'리틀 포레스트','바쁘게 돌아가는 도시 생활에 지쳐 고향에 내려온 혜원.',to_date('18/02/28','RR/MM/DD'),1,1,2.8,103,'KR-NF-26-1');
Insert into TEAM1.CONTENTS_T (CONTENTSID,NATIONCODE,OTTID,GRADEID,CLASSID,CONTENTSTITLE,CONTENTSSUMMARY,CONTENTSSTART,CONTENTSSEASON,CONTENTSEPISODE,CONTENTSSCORE,CONTENTSDURATION,IMGNAME) values (27,'US',1,19,3,'루시퍼','지긋지긋한 지옥 생활을 청산하고 은퇴를 선언한 악마.',to_date('21/09/10','RR/MM/DD'),6,67,4.5,0,'US-NF-27-1');
Insert into TEAM1.CONTENTS_T (CONTENTSID,NATIONCODE,OTTID,GRADEID,CLASSID,CONTENTSTITLE,CONTENTSSUMMARY,CONTENTSSTART,CONTENTSSEASON,CONTENTSEPISODE,CONTENTSSCORE,CONTENTSDURATION,IMGNAME) values (28,'US',1,19,3,'워킹데드','눈을 떠보니 세상은 좀비가 점령한 전쟁터.',to_date('21/08/22','RR/MM/DD'),10,115,3.4,0,'US-NF-28-1');
Insert into TEAM1.CONTENTS_T (CONTENTSID,NATIONCODE,OTTID,GRADEID,CLASSID,CONTENTSTITLE,CONTENTSSUMMARY,CONTENTSSTART,CONTENTSSEASON,CONTENTSEPISODE,CONTENTSSCORE,CONTENTSDURATION,IMGNAME) values (29,'US',1,19,3,'위쳐','세계적인 판타지 대작이 넷플릭스 시리즈로 다시 태어난다.',to_date('19/12/20','RR/MM/DD'),1,8,2.1,0,'US-NF-29-1');
Insert into TEAM1.CONTENTS_T (CONTENTSID,NATIONCODE,OTTID,GRADEID,CLASSID,CONTENTSTITLE,CONTENTSSUMMARY,CONTENTSSTART,CONTENTSSEASON,CONTENTSEPISODE,CONTENTSSCORE,CONTENTSDURATION,IMGNAME) values (41,'US',5,7,1,'Blue Ribbon Kids','TEST',to_date('16/01/01','RR/MM/DD'),0,0,0,0,null);
Insert into TEAM1.CONTENTS_T (CONTENTSID,NATIONCODE,OTTID,GRADEID,CLASSID,CONTENTSTITLE,CONTENTSSUMMARY,CONTENTSSTART,CONTENTSSEASON,CONTENTSEPISODE,CONTENTSSCORE,CONTENTSDURATION,IMGNAME) values (45,'US',5,7,1,'Incredible! The Story of Dr. Pol','TEST',to_date('15/12/12','RR/MM/DD'),0,0,0,0,null);
Insert into TEAM1.CONTENTS_T (CONTENTSID,NATIONCODE,OTTID,GRADEID,CLASSID,CONTENTSTITLE,CONTENTSSUMMARY,CONTENTSSTART,CONTENTSSEASON,CONTENTSEPISODE,CONTENTSSCORE,CONTENTSDURATION,IMGNAME) values (46,'US',5,12,1,'Avengers: Endgame','TEST',to_date('19/12/12','RR/MM/DD'),0,0,0,181,null);
Insert into TEAM1.CONTENTS_T (CONTENTSID,NATIONCODE,OTTID,GRADEID,CLASSID,CONTENTSTITLE,CONTENTSSUMMARY,CONTENTSSTART,CONTENTSSEASON,CONTENTSEPISODE,CONTENTSSCORE,CONTENTSDURATION,IMGNAME) values (47,'US',5,12,1,'Avengers: Infinity War','TEST',to_date('18/12/12','RR/MM/DD'),0,0,0,149,null);
Insert into TEAM1.CONTENTS_T (CONTENTSID,NATIONCODE,OTTID,GRADEID,CLASSID,CONTENTSTITLE,CONTENTSSUMMARY,CONTENTSSTART,CONTENTSSEASON,CONTENTSEPISODE,CONTENTSSCORE,CONTENTSDURATION,IMGNAME) values (48,'US',5,7,1,'Star Wars: A New Hope','TEST',to_date('77/12/12','RR/MM/DD'),0,0,0,121,null);
Insert into TEAM1.CONTENTS_T (CONTENTSID,NATIONCODE,OTTID,GRADEID,CLASSID,CONTENTSTITLE,CONTENTSSUMMARY,CONTENTSSTART,CONTENTSSEASON,CONTENTSEPISODE,CONTENTSSCORE,CONTENTSDURATION,IMGNAME) values (49,'US',5,7,1,'Star Wars: The Empire Strikes Back','TEST',to_date('80/12/12','RR/MM/DD'),0,0,0,124,null);
Insert into TEAM1.CONTENTS_T (CONTENTSID,NATIONCODE,OTTID,GRADEID,CLASSID,CONTENTSTITLE,CONTENTSSUMMARY,CONTENTSSTART,CONTENTSSEASON,CONTENTSEPISODE,CONTENTSSCORE,CONTENTSDURATION,IMGNAME) values (50,'US',5,99,1,'The Lion King','TEST',to_date('94/12/12','RR/MM/DD'),0,0,0,88,null);
Insert into TEAM1.CONTENTS_T (CONTENTSID,NATIONCODE,OTTID,GRADEID,CLASSID,CONTENTSTITLE,CONTENTSSUMMARY,CONTENTSSTART,CONTENTSSEASON,CONTENTSEPISODE,CONTENTSSCORE,CONTENTSDURATION,IMGNAME) values (51,'US',5,99,1,'WALL-E','TEST',to_date('08/12/12','RR/MM/DD'),0,0,0,98,null);
Insert into TEAM1.CONTENTS_T (CONTENTSID,NATIONCODE,OTTID,GRADEID,CLASSID,CONTENTSTITLE,CONTENTSSUMMARY,CONTENTSSTART,CONTENTSSEASON,CONTENTSEPISODE,CONTENTSSCORE,CONTENTSDURATION,IMGNAME) values (52,'US',5,7,1,'Coco','TEST',to_date('17/12/12','RR/MM/DD'),0,0,0,105,null);
Insert into TEAM1.CONTENTS_T (CONTENTSID,NATIONCODE,OTTID,GRADEID,CLASSID,CONTENTSTITLE,CONTENTSSUMMARY,CONTENTSSTART,CONTENTSSEASON,CONTENTSEPISODE,CONTENTSSCORE,CONTENTSDURATION,IMGNAME) values (53,'US',5,12,1,'Hamilton','TEST',to_date('20/12/12','RR/MM/DD'),0,0,0,160,null);
Insert into TEAM1.CONTENTS_T (CONTENTSID,NATIONCODE,OTTID,GRADEID,CLASSID,CONTENTSTITLE,CONTENTSSUMMARY,CONTENTSSTART,CONTENTSSEASON,CONTENTSEPISODE,CONTENTSSCORE,CONTENTSDURATION,IMGNAME) values (54,'US',5,99,1,'Piper','TEST',to_date('16/12/12','RR/MM/DD'),0,0,0,6,null);
Insert into TEAM1.CONTENTS_T (CONTENTSID,NATIONCODE,OTTID,GRADEID,CLASSID,CONTENTSTITLE,CONTENTSSUMMARY,CONTENTSSTART,CONTENTSSEASON,CONTENTSEPISODE,CONTENTSSCORE,CONTENTSDURATION,IMGNAME) values (55,'US',5,7,1,'Newsies: The Broadway Musical','TEST',to_date('17/12/12','RR/MM/DD'),0,0,0,149,null);
Insert into TEAM1.CONTENTS_T (CONTENTSID,NATIONCODE,OTTID,GRADEID,CLASSID,CONTENTSTITLE,CONTENTSSUMMARY,CONTENTSSTART,CONTENTSSEASON,CONTENTSEPISODE,CONTENTSSCORE,CONTENTSDURATION,IMGNAME) values (56,'US',5,7,1,'Folklore: The Long Pond Studio Sessions','TEST',to_date('20/12/12','RR/MM/DD'),0,0,0,105,null);
Insert into TEAM1.CONTENTS_T (CONTENTSID,NATIONCODE,OTTID,GRADEID,CLASSID,CONTENTSTITLE,CONTENTSSUMMARY,CONTENTSSTART,CONTENTSSEASON,CONTENTSEPISODE,CONTENTSSCORE,CONTENTSDURATION,IMGNAME) values (57,'US',5,7,1,'Jingle Pols','TEST',to_date('13/12/12','RR/MM/DD'),0,0,0,45,null);
Insert into TEAM1.CONTENTS_T (CONTENTSID,NATIONCODE,OTTID,GRADEID,CLASSID,CONTENTSTITLE,CONTENTSSUMMARY,CONTENTSSTART,CONTENTSSEASON,CONTENTSEPISODE,CONTENTSSCORE,CONTENTSDURATION,IMGNAME) values (58,'US',5,7,1,'TEST14','TEST14',to_date('16/12/12','RR/MM/DD'),0,0,0,0,null);
Insert into TEAM1.CONTENTS_T (CONTENTSID,NATIONCODE,OTTID,GRADEID,CLASSID,CONTENTSTITLE,CONTENTSSUMMARY,CONTENTSSTART,CONTENTSSEASON,CONTENTSEPISODE,CONTENTSSCORE,CONTENTSDURATION,IMGNAME) values (59,'US',2,12,1,'TEST15','TEST15',to_date('19/12/12','RR/MM/DD'),0,0,0,181,null);
Insert into TEAM1.CONTENTS_T (CONTENTSID,NATIONCODE,OTTID,GRADEID,CLASSID,CONTENTSTITLE,CONTENTSSUMMARY,CONTENTSSTART,CONTENTSSEASON,CONTENTSEPISODE,CONTENTSSCORE,CONTENTSDURATION,IMGNAME) values (60,'US',2,12,1,'TEST16','TEST16',to_date('18/12/12','RR/MM/DD'),0,0,0,149,null);
Insert into TEAM1.CONTENTS_T (CONTENTSID,NATIONCODE,OTTID,GRADEID,CLASSID,CONTENTSTITLE,CONTENTSSUMMARY,CONTENTSSTART,CONTENTSSEASON,CONTENTSEPISODE,CONTENTSSCORE,CONTENTSDURATION,IMGNAME) values (61,'US',2,7,1,'TEST17','TEST17',to_date('77/12/12','RR/MM/DD'),0,0,0,121,null);
Insert into TEAM1.CONTENTS_T (CONTENTSID,NATIONCODE,OTTID,GRADEID,CLASSID,CONTENTSTITLE,CONTENTSSUMMARY,CONTENTSSTART,CONTENTSSEASON,CONTENTSEPISODE,CONTENTSSCORE,CONTENTSDURATION,IMGNAME) values (62,'US',2,7,1,'TEST18','TEST18',to_date('80/12/12','RR/MM/DD'),0,0,0,124,null);
Insert into TEAM1.CONTENTS_T (CONTENTSID,NATIONCODE,OTTID,GRADEID,CLASSID,CONTENTSTITLE,CONTENTSSUMMARY,CONTENTSSTART,CONTENTSSEASON,CONTENTSEPISODE,CONTENTSSCORE,CONTENTSDURATION,IMGNAME) values (63,'US',2,99,1,'TEST19','TEST19',to_date('94/12/12','RR/MM/DD'),0,0,0,88,null);
Insert into TEAM1.CONTENTS_T (CONTENTSID,NATIONCODE,OTTID,GRADEID,CLASSID,CONTENTSTITLE,CONTENTSSUMMARY,CONTENTSSTART,CONTENTSSEASON,CONTENTSEPISODE,CONTENTSSCORE,CONTENTSDURATION,IMGNAME) values (64,'US',2,99,1,'TEST20','TEST20',to_date('08/12/12','RR/MM/DD'),0,0,0,98,null);
Insert into TEAM1.CONTENTS_T (CONTENTSID,NATIONCODE,OTTID,GRADEID,CLASSID,CONTENTSTITLE,CONTENTSSUMMARY,CONTENTSSTART,CONTENTSSEASON,CONTENTSEPISODE,CONTENTSSCORE,CONTENTSDURATION,IMGNAME) values (65,'US',2,7,1,'TEST21','TEST21',to_date('17/12/12','RR/MM/DD'),0,0,0,105,null);
Insert into TEAM1.CONTENTS_T (CONTENTSID,NATIONCODE,OTTID,GRADEID,CLASSID,CONTENTSTITLE,CONTENTSSUMMARY,CONTENTSSTART,CONTENTSSEASON,CONTENTSEPISODE,CONTENTSSCORE,CONTENTSDURATION,IMGNAME) values (66,'US',2,12,1,'TEST22','TEST22',to_date('20/12/12','RR/MM/DD'),0,0,0,160,null);
Insert into TEAM1.CONTENTS_T (CONTENTSID,NATIONCODE,OTTID,GRADEID,CLASSID,CONTENTSTITLE,CONTENTSSUMMARY,CONTENTSSTART,CONTENTSSEASON,CONTENTSEPISODE,CONTENTSSCORE,CONTENTSDURATION,IMGNAME) values (67,'US',3,99,1,'TEST23','TEST23',to_date('16/12/12','RR/MM/DD'),0,0,0,6,null);
Insert into TEAM1.CONTENTS_T (CONTENTSID,NATIONCODE,OTTID,GRADEID,CLASSID,CONTENTSTITLE,CONTENTSSUMMARY,CONTENTSSTART,CONTENTSSEASON,CONTENTSEPISODE,CONTENTSSCORE,CONTENTSDURATION,IMGNAME) values (68,'US',3,7,1,'TEST24','TEST24',to_date('17/12/12','RR/MM/DD'),0,0,0,149,null);
Insert into TEAM1.CONTENTS_T (CONTENTSID,NATIONCODE,OTTID,GRADEID,CLASSID,CONTENTSTITLE,CONTENTSSUMMARY,CONTENTSSTART,CONTENTSSEASON,CONTENTSEPISODE,CONTENTSSCORE,CONTENTSDURATION,IMGNAME) values (88,'US',3,7,1,'TEST25','TEST25',to_date('20/12/12','RR/MM/DD'),0,0,0,105,null);
Insert into TEAM1.CONTENTS_T (CONTENTSID,NATIONCODE,OTTID,GRADEID,CLASSID,CONTENTSTITLE,CONTENTSSUMMARY,CONTENTSSTART,CONTENTSSEASON,CONTENTSEPISODE,CONTENTSSCORE,CONTENTSDURATION,IMGNAME) values (89,'US',3,7,1,'TEST26','TEST26',to_date('13/12/12','RR/MM/DD'),0,0,0,45,null);
Insert into TEAM1.CONTENTS_T (CONTENTSID,NATIONCODE,OTTID,GRADEID,CLASSID,CONTENTSTITLE,CONTENTSSUMMARY,CONTENTSSTART,CONTENTSSEASON,CONTENTSEPISODE,CONTENTSSCORE,CONTENTSDURATION,IMGNAME) values (90,'US',3,7,1,'TEST27','TEST27',to_date('15/12/12','RR/MM/DD'),0,0,0,0,null);
Insert into TEAM1.CONTENTS_T (CONTENTSID,NATIONCODE,OTTID,GRADEID,CLASSID,CONTENTSTITLE,CONTENTSSUMMARY,CONTENTSSTART,CONTENTSSEASON,CONTENTSEPISODE,CONTENTSSCORE,CONTENTSDURATION,IMGNAME) values (91,'US',3,7,1,'TEST28','TEST28',to_date('16/12/12','RR/MM/DD'),0,0,0,0,null);
Insert into TEAM1.CONTENTS_T (CONTENTSID,NATIONCODE,OTTID,GRADEID,CLASSID,CONTENTSTITLE,CONTENTSSUMMARY,CONTENTSSTART,CONTENTSSEASON,CONTENTSEPISODE,CONTENTSSCORE,CONTENTSDURATION,IMGNAME) values (97,'US',5,99,1,'TEST34','TEST34',to_date('08/12/12','RR/MM/DD'),0,0,0,98,null);
Insert into TEAM1.CONTENTS_T (CONTENTSID,NATIONCODE,OTTID,GRADEID,CLASSID,CONTENTSTITLE,CONTENTSSUMMARY,CONTENTSSTART,CONTENTSSEASON,CONTENTSEPISODE,CONTENTSSCORE,CONTENTSDURATION,IMGNAME) values (99,'US',5,12,1,'TEST36','TEST36',to_date('20/12/12','RR/MM/DD'),0,0,0,160,null);
Insert into TEAM1.CONTENTS_T (CONTENTSID,NATIONCODE,OTTID,GRADEID,CLASSID,CONTENTSTITLE,CONTENTSSUMMARY,CONTENTSSTART,CONTENTSSEASON,CONTENTSEPISODE,CONTENTSSCORE,CONTENTSDURATION,IMGNAME) values (100,'US',3,99,1,'TEST37','TEST37',to_date('16/12/12','RR/MM/DD'),0,0,0,6,null);
Insert into TEAM1.CONTENTS_T (CONTENTSID,NATIONCODE,OTTID,GRADEID,CLASSID,CONTENTSTITLE,CONTENTSSUMMARY,CONTENTSSTART,CONTENTSSEASON,CONTENTSEPISODE,CONTENTSSCORE,CONTENTSDURATION,IMGNAME) values (101,'US',3,7,1,'TEST38','TEST38',to_date('17/12/12','RR/MM/DD'),0,0,0,149,null);
Insert into TEAM1.CONTENTS_T (CONTENTSID,NATIONCODE,OTTID,GRADEID,CLASSID,CONTENTSTITLE,CONTENTSSUMMARY,CONTENTSSTART,CONTENTSSEASON,CONTENTSEPISODE,CONTENTSSCORE,CONTENTSDURATION,IMGNAME) values (102,'US',3,7,1,'TEST39','TEST39',to_date('20/12/12','RR/MM/DD'),0,0,0,105,null);
Insert into TEAM1.CONTENTS_T (CONTENTSID,NATIONCODE,OTTID,GRADEID,CLASSID,CONTENTSTITLE,CONTENTSSUMMARY,CONTENTSSTART,CONTENTSSEASON,CONTENTSEPISODE,CONTENTSSCORE,CONTENTSDURATION,IMGNAME) values (103,'US',2,7,1,'TEST40','TEST40',to_date('13/12/12','RR/MM/DD'),0,0,0,45,null);
Insert into TEAM1.CONTENTS_T (CONTENTSID,NATIONCODE,OTTID,GRADEID,CLASSID,CONTENTSTITLE,CONTENTSSUMMARY,CONTENTSSTART,CONTENTSSEASON,CONTENTSEPISODE,CONTENTSSCORE,CONTENTSDURATION,IMGNAME) values (104,'US',2,7,1,'TEST41','TEST41',to_date('15/12/12','RR/MM/DD'),0,0,0,0,null);
Insert into TEAM1.CONTENTS_T (CONTENTSID,NATIONCODE,OTTID,GRADEID,CLASSID,CONTENTSTITLE,CONTENTSSUMMARY,CONTENTSSTART,CONTENTSSEASON,CONTENTSEPISODE,CONTENTSSCORE,CONTENTSDURATION,IMGNAME) values (105,'US',2,7,1,'TEST42','TEST4212',to_date('13/09/12','RR/MM/DD'),0,1,0,0,null);
Insert into TEAM1.CONTENTS_T (CONTENTSID,NATIONCODE,OTTID,GRADEID,CLASSID,CONTENTSTITLE,CONTENTSSUMMARY,CONTENTSSTART,CONTENTSSEASON,CONTENTSEPISODE,CONTENTSSCORE,CONTENTSDURATION,IMGNAME) values (106,'KR',1,19,1,'인서트 테스트','인서트 테스트',to_date('13/09/12','RR/MM/DD'),0,0,0,0,null);
Insert into TEAM1.CONTENTS_T (CONTENTSID,NATIONCODE,OTTID,GRADEID,CLASSID,CONTENTSTITLE,CONTENTSSUMMARY,CONTENTSSTART,CONTENTSSEASON,CONTENTSEPISODE,CONTENTSSCORE,CONTENTSDURATION,IMGNAME) values (300,'KR',1,19,1,'300name','300sum',to_date('11/11/11','RR/MM/DD'),1,11,1.1,111,null);
Insert into TEAM1.CONTENTS_T (CONTENTSID,NATIONCODE,OTTID,GRADEID,CLASSID,CONTENTSTITLE,CONTENTSSUMMARY,CONTENTSSTART,CONTENTSSEASON,CONTENTSEPISODE,CONTENTSSCORE,CONTENTSDURATION,IMGNAME) values (333,'KR',1,19,1,'333','333',to_date('11/11/11','RR/MM/DD'),10,10,1.1,111,null);
Insert into TEAM1.CONTENTS_T (CONTENTSID,NATIONCODE,OTTID,GRADEID,CLASSID,CONTENTSTITLE,CONTENTSSUMMARY,CONTENTSSTART,CONTENTSSEASON,CONTENTSEPISODE,CONTENTSSCORE,CONTENTSDURATION,IMGNAME) values (1004,'KR',1,19,1,'test1004','천사',to_date('11/11/11','RR/MM/DD'),1,1,1.1,111,null);
Insert into TEAM1.CONTENTS_T (CONTENTSID,NATIONCODE,OTTID,GRADEID,CLASSID,CONTENTSTITLE,CONTENTSSUMMARY,CONTENTSSTART,CONTENTSSEASON,CONTENTSEPISODE,CONTENTSSCORE,CONTENTSDURATION,IMGNAME) values (9999,'KR',1,19,1,'sdfa','sdf',to_date('13/01/09','RR/MM/DD'),0,0,0,0,null);
Insert into TEAM1.CONTENTS_T (CONTENTSID,NATIONCODE,OTTID,GRADEID,CLASSID,CONTENTSTITLE,CONTENTSSUMMARY,CONTENTSSTART,CONTENTSSEASON,CONTENTSEPISODE,CONTENTSSCORE,CONTENTSDURATION,IMGNAME) values (1005,'KR',1,19,1,'test','test',to_date('13/09/11','RR/MM/DD'),1,3,3,3,null);
Insert into TEAM1.CONTENTS_T (CONTENTSID,NATIONCODE,OTTID,GRADEID,CLASSID,CONTENTSTITLE,CONTENTSSUMMARY,CONTENTSSTART,CONTENTSSEASON,CONTENTSEPISODE,CONTENTSSCORE,CONTENTSDURATION,IMGNAME) values (1006,'KR',1,19,1,'test','test',to_date('13/09/11','RR/MM/DD'),3,3,3,3,null);
REM INSERTING into TEAM1.DIRECTORJOIN
SET DEFINE OFF;
Insert into TEAM1.DIRECTORJOIN (CONTENTSID,DIRECTORID) values (69,1);
Insert into TEAM1.DIRECTORJOIN (CONTENTSID,DIRECTORID) values (1,1);
Insert into TEAM1.DIRECTORJOIN (CONTENTSID,DIRECTORID) values (2,2);
Insert into TEAM1.DIRECTORJOIN (CONTENTSID,DIRECTORID) values (3,3);
Insert into TEAM1.DIRECTORJOIN (CONTENTSID,DIRECTORID) values (4,4);
Insert into TEAM1.DIRECTORJOIN (CONTENTSID,DIRECTORID) values (5,5);
Insert into TEAM1.DIRECTORJOIN (CONTENTSID,DIRECTORID) values (6,6);
Insert into TEAM1.DIRECTORJOIN (CONTENTSID,DIRECTORID) values (7,7);
Insert into TEAM1.DIRECTORJOIN (CONTENTSID,DIRECTORID) values (8,8);
Insert into TEAM1.DIRECTORJOIN (CONTENTSID,DIRECTORID) values (9,9);
Insert into TEAM1.DIRECTORJOIN (CONTENTSID,DIRECTORID) values (10,10);
Insert into TEAM1.DIRECTORJOIN (CONTENTSID,DIRECTORID) values (11,11);
Insert into TEAM1.DIRECTORJOIN (CONTENTSID,DIRECTORID) values (12,12);
Insert into TEAM1.DIRECTORJOIN (CONTENTSID,DIRECTORID) values (13,13);
Insert into TEAM1.DIRECTORJOIN (CONTENTSID,DIRECTORID) values (14,14);
Insert into TEAM1.DIRECTORJOIN (CONTENTSID,DIRECTORID) values (15,15);
Insert into TEAM1.DIRECTORJOIN (CONTENTSID,DIRECTORID) values (16,16);
Insert into TEAM1.DIRECTORJOIN (CONTENTSID,DIRECTORID) values (17,17);
Insert into TEAM1.DIRECTORJOIN (CONTENTSID,DIRECTORID) values (18,18);
Insert into TEAM1.DIRECTORJOIN (CONTENTSID,DIRECTORID) values (19,19);
Insert into TEAM1.DIRECTORJOIN (CONTENTSID,DIRECTORID) values (20,20);
Insert into TEAM1.DIRECTORJOIN (CONTENTSID,DIRECTORID) values (21,21);
Insert into TEAM1.DIRECTORJOIN (CONTENTSID,DIRECTORID) values (22,22);
Insert into TEAM1.DIRECTORJOIN (CONTENTSID,DIRECTORID) values (23,23);
Insert into TEAM1.DIRECTORJOIN (CONTENTSID,DIRECTORID) values (24,24);
Insert into TEAM1.DIRECTORJOIN (CONTENTSID,DIRECTORID) values (25,25);
Insert into TEAM1.DIRECTORJOIN (CONTENTSID,DIRECTORID) values (26,26);
Insert into TEAM1.DIRECTORJOIN (CONTENTSID,DIRECTORID) values (27,27);
Insert into TEAM1.DIRECTORJOIN (CONTENTSID,DIRECTORID) values (28,28);
Insert into TEAM1.DIRECTORJOIN (CONTENTSID,DIRECTORID) values (29,29);
Insert into TEAM1.DIRECTORJOIN (CONTENTSID,DIRECTORID) values (41,1);
Insert into TEAM1.DIRECTORJOIN (CONTENTSID,DIRECTORID) values (45,5);
Insert into TEAM1.DIRECTORJOIN (CONTENTSID,DIRECTORID) values (46,5);
Insert into TEAM1.DIRECTORJOIN (CONTENTSID,DIRECTORID) values (47,6);
Insert into TEAM1.DIRECTORJOIN (CONTENTSID,DIRECTORID) values (48,7);
Insert into TEAM1.DIRECTORJOIN (CONTENTSID,DIRECTORID) values (49,5);
Insert into TEAM1.DIRECTORJOIN (CONTENTSID,DIRECTORID) values (50,4);
Insert into TEAM1.DIRECTORJOIN (CONTENTSID,DIRECTORID) values (51,1);
Insert into TEAM1.DIRECTORJOIN (CONTENTSID,DIRECTORID) values (52,1);
Insert into TEAM1.DIRECTORJOIN (CONTENTSID,DIRECTORID) values (53,6);
Insert into TEAM1.DIRECTORJOIN (CONTENTSID,DIRECTORID) values (54,9);
Insert into TEAM1.DIRECTORJOIN (CONTENTSID,DIRECTORID) values (55,8);
Insert into TEAM1.DIRECTORJOIN (CONTENTSID,DIRECTORID) values (56,7);
Insert into TEAM1.DIRECTORJOIN (CONTENTSID,DIRECTORID) values (57,22);
Insert into TEAM1.DIRECTORJOIN (CONTENTSID,DIRECTORID) values (58,24);
Insert into TEAM1.DIRECTORJOIN (CONTENTSID,DIRECTORID) values (59,29);
Insert into TEAM1.DIRECTORJOIN (CONTENTSID,DIRECTORID) values (60,27);
Insert into TEAM1.DIRECTORJOIN (CONTENTSID,DIRECTORID) values (61,31);
Insert into TEAM1.DIRECTORJOIN (CONTENTSID,DIRECTORID) values (62,40);
Insert into TEAM1.DIRECTORJOIN (CONTENTSID,DIRECTORID) values (63,34);
Insert into TEAM1.DIRECTORJOIN (CONTENTSID,DIRECTORID) values (64,36);
Insert into TEAM1.DIRECTORJOIN (CONTENTSID,DIRECTORID) values (65,42);
Insert into TEAM1.DIRECTORJOIN (CONTENTSID,DIRECTORID) values (66,4);
Insert into TEAM1.DIRECTORJOIN (CONTENTSID,DIRECTORID) values (67,37);
Insert into TEAM1.DIRECTORJOIN (CONTENTSID,DIRECTORID) values (68,31);
Insert into TEAM1.DIRECTORJOIN (CONTENTSID,DIRECTORID) values (88,16);
Insert into TEAM1.DIRECTORJOIN (CONTENTSID,DIRECTORID) values (89,27);
Insert into TEAM1.DIRECTORJOIN (CONTENTSID,DIRECTORID) values (90,31);
Insert into TEAM1.DIRECTORJOIN (CONTENTSID,DIRECTORID) values (91,7);
Insert into TEAM1.DIRECTORJOIN (CONTENTSID,DIRECTORID) values (97,31);
Insert into TEAM1.DIRECTORJOIN (CONTENTSID,DIRECTORID) values (99,9);
Insert into TEAM1.DIRECTORJOIN (CONTENTSID,DIRECTORID) values (100,31);
Insert into TEAM1.DIRECTORJOIN (CONTENTSID,DIRECTORID) values (101,30);
Insert into TEAM1.DIRECTORJOIN (CONTENTSID,DIRECTORID) values (102,7);
Insert into TEAM1.DIRECTORJOIN (CONTENTSID,DIRECTORID) values (103,26);
Insert into TEAM1.DIRECTORJOIN (CONTENTSID,DIRECTORID) values (104,27);
Insert into TEAM1.DIRECTORJOIN (CONTENTSID,DIRECTORID) values (105,33);
Insert into TEAM1.DIRECTORJOIN (CONTENTSID,DIRECTORID) values (106,3);
Insert into TEAM1.DIRECTORJOIN (CONTENTSID,DIRECTORID) values (300,27);
Insert into TEAM1.DIRECTORJOIN (CONTENTSID,DIRECTORID) values (333,7);
Insert into TEAM1.DIRECTORJOIN (CONTENTSID,DIRECTORID) values (1004,4);
REM INSERTING into TEAM1.DIRECTOR_T
SET DEFINE OFF;
Insert into TEAM1.DIRECTOR_T (DIRECTORID,DIRECTORNAME) values (1,'황동혁');
Insert into TEAM1.DIRECTOR_T (DIRECTORID,DIRECTORNAME) values (2,'조문주');
Insert into TEAM1.DIRECTOR_T (DIRECTORID,DIRECTORNAME) values (3,'한준희');
Insert into TEAM1.DIRECTOR_T (DIRECTORID,DIRECTORNAME) values (4,'신원호');
Insert into TEAM1.DIRECTOR_T (DIRECTORID,DIRECTORNAME) values (5,'오충환');
Insert into TEAM1.DIRECTOR_T (DIRECTORID,DIRECTORNAME) values (6,'데이미언 셔젤');
Insert into TEAM1.DIRECTOR_T (DIRECTORID,DIRECTORNAME) values (7,'낸시 마이어스');
Insert into TEAM1.DIRECTOR_T (DIRECTORID,DIRECTORNAME) values (8,'우민호');
Insert into TEAM1.DIRECTOR_T (DIRECTORID,DIRECTORNAME) values (9,'박훈정');
Insert into TEAM1.DIRECTOR_T (DIRECTORID,DIRECTORNAME) values (10,'우디 앨런');
Insert into TEAM1.DIRECTOR_T (DIRECTORID,DIRECTORNAME) values (11,'소토자키 하루오');
Insert into TEAM1.DIRECTOR_T (DIRECTORID,DIRECTORNAME) values (12,'미츠나카 스스무');
Insert into TEAM1.DIRECTOR_T (DIRECTORID,DIRECTORNAME) values (13,'이시다테 타이치');
Insert into TEAM1.DIRECTOR_T (DIRECTORID,DIRECTORNAME) values (14,'이응복');
Insert into TEAM1.DIRECTOR_T (DIRECTORID,DIRECTORNAME) values (15,'김원석');
Insert into TEAM1.DIRECTOR_T (DIRECTORID,DIRECTORNAME) values (16,'박준화');
Insert into TEAM1.DIRECTOR_T (DIRECTORID,DIRECTORNAME) values (17,'장시원');
Insert into TEAM1.DIRECTOR_T (DIRECTORID,DIRECTORNAME) values (18,'김수아');
Insert into TEAM1.DIRECTOR_T (DIRECTORID,DIRECTORNAME) values (19,'이원웅');
Insert into TEAM1.DIRECTOR_T (DIRECTORID,DIRECTORNAME) values (20,'브레드');
Insert into TEAM1.DIRECTOR_T (DIRECTORID,DIRECTORNAME) values (21,'다카하시 아츠시');
Insert into TEAM1.DIRECTOR_T (DIRECTORID,DIRECTORNAME) values (22,'세테기');
Insert into TEAM1.DIRECTOR_T (DIRECTORID,DIRECTORNAME) values (23,'김시중');
Insert into TEAM1.DIRECTOR_T (DIRECTORID,DIRECTORNAME) values (24,'김진민');
Insert into TEAM1.DIRECTOR_T (DIRECTORID,DIRECTORNAME) values (25,'이병헌');
Insert into TEAM1.DIRECTOR_T (DIRECTORID,DIRECTORNAME) values (26,'임순례');
Insert into TEAM1.DIRECTOR_T (DIRECTORID,DIRECTORNAME) values (27,'톰 앨리스');
Insert into TEAM1.DIRECTOR_T (DIRECTORID,DIRECTORNAME) values (28,'데이비드 보이드');
Insert into TEAM1.DIRECTOR_T (DIRECTORID,DIRECTORNAME) values (29,'로런 슈미트 히스릭');
REM INSERTING into TEAM1.FAVORITE_T
SET DEFINE OFF;
Insert into TEAM1.FAVORITE_T (USERNUM,FAVORITESUBJECT,FAVORITEVALUE) values (1,'genre','뮤지컬');
Insert into TEAM1.FAVORITE_T (USERNUM,FAVORITESUBJECT,FAVORITEVALUE) values (1,'genre','전쟁');
Insert into TEAM1.FAVORITE_T (USERNUM,FAVORITESUBJECT,FAVORITEVALUE) values (1,'genre','코미디');
Insert into TEAM1.FAVORITE_T (USERNUM,FAVORITESUBJECT,FAVORITEVALUE) values (1,'genre','느와르');
Insert into TEAM1.FAVORITE_T (USERNUM,FAVORITESUBJECT,FAVORITEVALUE) values (1,'genre','미스터리');
Insert into TEAM1.FAVORITE_T (USERNUM,FAVORITESUBJECT,FAVORITEVALUE) values (1,'genre','모험');
Insert into TEAM1.FAVORITE_T (USERNUM,FAVORITESUBJECT,FAVORITEVALUE) values (1,'genre','전쟁');
Insert into TEAM1.FAVORITE_T (USERNUM,FAVORITESUBJECT,FAVORITEVALUE) values (1,'genre','코미디');
Insert into TEAM1.FAVORITE_T (USERNUM,FAVORITESUBJECT,FAVORITEVALUE) values (1,'genre','에로');
Insert into TEAM1.FAVORITE_T (USERNUM,FAVORITESUBJECT,FAVORITEVALUE) values (1,'genre','SF');
Insert into TEAM1.FAVORITE_T (USERNUM,FAVORITESUBJECT,FAVORITEVALUE) values (1,'genre','무협');
Insert into TEAM1.FAVORITE_T (USERNUM,FAVORITESUBJECT,FAVORITEVALUE) values (1,'genre','에로');
Insert into TEAM1.FAVORITE_T (USERNUM,FAVORITESUBJECT,FAVORITEVALUE) values (1,'genre','전쟁');
Insert into TEAM1.FAVORITE_T (USERNUM,FAVORITESUBJECT,FAVORITEVALUE) values (1,'genre','애니메이션');
Insert into TEAM1.FAVORITE_T (USERNUM,FAVORITESUBJECT,FAVORITEVALUE) values (1,'genre','범죄');
Insert into TEAM1.FAVORITE_T (USERNUM,FAVORITESUBJECT,FAVORITEVALUE) values (1,'genre','미스터리');
Insert into TEAM1.FAVORITE_T (USERNUM,FAVORITESUBJECT,FAVORITEVALUE) values (1,'genre','에로');
Insert into TEAM1.FAVORITE_T (USERNUM,FAVORITESUBJECT,FAVORITEVALUE) values (1,'genre','전쟁');
Insert into TEAM1.FAVORITE_T (USERNUM,FAVORITESUBJECT,FAVORITEVALUE) values (1,'genre','애니메이션');
Insert into TEAM1.FAVORITE_T (USERNUM,FAVORITESUBJECT,FAVORITEVALUE) values (1,'genre','범죄');
Insert into TEAM1.FAVORITE_T (USERNUM,FAVORITESUBJECT,FAVORITEVALUE) values (1,'genre','에로');
Insert into TEAM1.FAVORITE_T (USERNUM,FAVORITESUBJECT,FAVORITEVALUE) values (1,'genre','SF');
Insert into TEAM1.FAVORITE_T (USERNUM,FAVORITESUBJECT,FAVORITEVALUE) values (1,'genre','액션');
Insert into TEAM1.FAVORITE_T (USERNUM,FAVORITESUBJECT,FAVORITEVALUE) values (1,'genre','무협');
Insert into TEAM1.FAVORITE_T (USERNUM,FAVORITESUBJECT,FAVORITEVALUE) values (1,'genre','뮤지컬');
Insert into TEAM1.FAVORITE_T (USERNUM,FAVORITESUBJECT,FAVORITEVALUE) values (1,'genre','전쟁');
Insert into TEAM1.FAVORITE_T (USERNUM,FAVORITESUBJECT,FAVORITEVALUE) values (1,'genre','애니메이션');
Insert into TEAM1.FAVORITE_T (USERNUM,FAVORITESUBJECT,FAVORITEVALUE) values (1,'genre','범죄');
Insert into TEAM1.FAVORITE_T (USERNUM,FAVORITESUBJECT,FAVORITEVALUE) values (1,'genre','뮤지컬');
Insert into TEAM1.FAVORITE_T (USERNUM,FAVORITESUBJECT,FAVORITEVALUE) values (1,'genre','모험');
Insert into TEAM1.FAVORITE_T (USERNUM,FAVORITESUBJECT,FAVORITEVALUE) values (1,'genre','전쟁');
Insert into TEAM1.FAVORITE_T (USERNUM,FAVORITESUBJECT,FAVORITEVALUE) values (1,'genre','코미디');
Insert into TEAM1.FAVORITE_T (USERNUM,FAVORITESUBJECT,FAVORITEVALUE) values (1,'genre','느와르');
Insert into TEAM1.FAVORITE_T (USERNUM,FAVORITESUBJECT,FAVORITEVALUE) values (1,'genre','드라마');
Insert into TEAM1.FAVORITE_T (USERNUM,FAVORITESUBJECT,FAVORITEVALUE) values (1,'genre','로맨스');
Insert into TEAM1.FAVORITE_T (USERNUM,FAVORITESUBJECT,FAVORITEVALUE) values (1,'genre','미스터리');
Insert into TEAM1.FAVORITE_T (USERNUM,FAVORITESUBJECT,FAVORITEVALUE) values (1,'genre','뮤지컬');
Insert into TEAM1.FAVORITE_T (USERNUM,FAVORITESUBJECT,FAVORITEVALUE) values (1,'genre','에로');
Insert into TEAM1.FAVORITE_T (USERNUM,FAVORITESUBJECT,FAVORITEVALUE) values (1,'genre','판타지');
Insert into TEAM1.FAVORITE_T (USERNUM,FAVORITESUBJECT,FAVORITEVALUE) values (1,'genre','모험');
Insert into TEAM1.FAVORITE_T (USERNUM,FAVORITESUBJECT,FAVORITEVALUE) values (1,'genre','다큐멘터리');
Insert into TEAM1.FAVORITE_T (USERNUM,FAVORITESUBJECT,FAVORITEVALUE) values (1,'genre','전쟁');
Insert into TEAM1.FAVORITE_T (USERNUM,FAVORITESUBJECT,FAVORITEVALUE) values (1,'genre','SF');
Insert into TEAM1.FAVORITE_T (USERNUM,FAVORITESUBJECT,FAVORITEVALUE) values (1,'genre','서부');
Insert into TEAM1.FAVORITE_T (USERNUM,FAVORITESUBJECT,FAVORITEVALUE) values (1,'genre','스릴러');
Insert into TEAM1.FAVORITE_T (USERNUM,FAVORITESUBJECT,FAVORITEVALUE) values (1,'genre','코미디');
Insert into TEAM1.FAVORITE_T (USERNUM,FAVORITESUBJECT,FAVORITEVALUE) values (1,'genre','애니메이션');
Insert into TEAM1.FAVORITE_T (USERNUM,FAVORITESUBJECT,FAVORITEVALUE) values (1,'genre','액션');
Insert into TEAM1.FAVORITE_T (USERNUM,FAVORITESUBJECT,FAVORITEVALUE) values (1,'genre','공포');
Insert into TEAM1.FAVORITE_T (USERNUM,FAVORITESUBJECT,FAVORITEVALUE) values (1,'genre','느와르');
Insert into TEAM1.FAVORITE_T (USERNUM,FAVORITESUBJECT,FAVORITEVALUE) values (1,'genre','가족');
Insert into TEAM1.FAVORITE_T (USERNUM,FAVORITESUBJECT,FAVORITEVALUE) values (1,'genre','범죄');
Insert into TEAM1.FAVORITE_T (USERNUM,FAVORITESUBJECT,FAVORITEVALUE) values (1,'genre','무협');
Insert into TEAM1.FAVORITE_T (USERNUM,FAVORITESUBJECT,FAVORITEVALUE) values (1,'genre','뮤지컬');
Insert into TEAM1.FAVORITE_T (USERNUM,FAVORITESUBJECT,FAVORITEVALUE) values (1,'genre','에로');
Insert into TEAM1.FAVORITE_T (USERNUM,FAVORITESUBJECT,FAVORITEVALUE) values (1,'genre','판타지');
Insert into TEAM1.FAVORITE_T (USERNUM,FAVORITESUBJECT,FAVORITEVALUE) values (1,'genre','모험');
Insert into TEAM1.FAVORITE_T (USERNUM,FAVORITESUBJECT,FAVORITEVALUE) values (1,'genre','다큐멘터리');
Insert into TEAM1.FAVORITE_T (USERNUM,FAVORITESUBJECT,FAVORITEVALUE) values (1,'genre','전쟁');
Insert into TEAM1.FAVORITE_T (USERNUM,FAVORITESUBJECT,FAVORITEVALUE) values (1,'genre','SF');
Insert into TEAM1.FAVORITE_T (USERNUM,FAVORITESUBJECT,FAVORITEVALUE) values (1,'genre','서부');
Insert into TEAM1.FAVORITE_T (USERNUM,FAVORITESUBJECT,FAVORITEVALUE) values (1,'genre','스릴러');
Insert into TEAM1.FAVORITE_T (USERNUM,FAVORITESUBJECT,FAVORITEVALUE) values (1,'genre','코미디');
Insert into TEAM1.FAVORITE_T (USERNUM,FAVORITESUBJECT,FAVORITEVALUE) values (1,'genre','에로');
Insert into TEAM1.FAVORITE_T (USERNUM,FAVORITESUBJECT,FAVORITEVALUE) values (1,'genre','SF');
Insert into TEAM1.FAVORITE_T (USERNUM,FAVORITESUBJECT,FAVORITEVALUE) values (1,'genre','뮤지컬');
Insert into TEAM1.FAVORITE_T (USERNUM,FAVORITESUBJECT,FAVORITEVALUE) values (1,'genre','에로');
Insert into TEAM1.FAVORITE_T (USERNUM,FAVORITESUBJECT,FAVORITEVALUE) values (1,'genre','전쟁');
Insert into TEAM1.FAVORITE_T (USERNUM,FAVORITESUBJECT,FAVORITEVALUE) values (1,'genre','SF');
Insert into TEAM1.FAVORITE_T (USERNUM,FAVORITESUBJECT,FAVORITEVALUE) values (1,'genre','애니메이션');
Insert into TEAM1.FAVORITE_T (USERNUM,FAVORITESUBJECT,FAVORITEVALUE) values (1,'genre','액션');
Insert into TEAM1.FAVORITE_T (USERNUM,FAVORITESUBJECT,FAVORITEVALUE) values (1,'genre','범죄');
Insert into TEAM1.FAVORITE_T (USERNUM,FAVORITESUBJECT,FAVORITEVALUE) values (1,'genre','무협');
Insert into TEAM1.FAVORITE_T (USERNUM,FAVORITESUBJECT,FAVORITEVALUE) values (1,'genre','에로');
Insert into TEAM1.FAVORITE_T (USERNUM,FAVORITESUBJECT,FAVORITEVALUE) values (1,'genre','전쟁');
Insert into TEAM1.FAVORITE_T (USERNUM,FAVORITESUBJECT,FAVORITEVALUE) values (1,'genre','애니메이션');
Insert into TEAM1.FAVORITE_T (USERNUM,FAVORITESUBJECT,FAVORITEVALUE) values (1,'genre','범죄');
Insert into TEAM1.FAVORITE_T (USERNUM,FAVORITESUBJECT,FAVORITEVALUE) values (1,'genre','뮤지컬');
Insert into TEAM1.FAVORITE_T (USERNUM,FAVORITESUBJECT,FAVORITEVALUE) values (1,'genre','다큐멘터리');
Insert into TEAM1.FAVORITE_T (USERNUM,FAVORITESUBJECT,FAVORITEVALUE) values (1,'genre','전쟁');
Insert into TEAM1.FAVORITE_T (USERNUM,FAVORITESUBJECT,FAVORITEVALUE) values (1,'genre','코미디');
Insert into TEAM1.FAVORITE_T (USERNUM,FAVORITESUBJECT,FAVORITEVALUE) values (1,'genre','애니메이션');
Insert into TEAM1.FAVORITE_T (USERNUM,FAVORITESUBJECT,FAVORITEVALUE) values (1,'genre','에로');
Insert into TEAM1.FAVORITE_T (USERNUM,FAVORITESUBJECT,FAVORITEVALUE) values (1,'genre','SF');
Insert into TEAM1.FAVORITE_T (USERNUM,FAVORITESUBJECT,FAVORITEVALUE) values (1,'genre','액션');
Insert into TEAM1.FAVORITE_T (USERNUM,FAVORITESUBJECT,FAVORITEVALUE) values (1,'genre','무협');
Insert into TEAM1.FAVORITE_T (USERNUM,FAVORITESUBJECT,FAVORITEVALUE) values (1,'genre','뮤지컬');
Insert into TEAM1.FAVORITE_T (USERNUM,FAVORITESUBJECT,FAVORITEVALUE) values (1,'genre','전쟁');
Insert into TEAM1.FAVORITE_T (USERNUM,FAVORITESUBJECT,FAVORITEVALUE) values (1,'genre','애니메이션');
Insert into TEAM1.FAVORITE_T (USERNUM,FAVORITESUBJECT,FAVORITEVALUE) values (1,'genre','가족');
Insert into TEAM1.FAVORITE_T (USERNUM,FAVORITESUBJECT,FAVORITEVALUE) values (1,'actor','이덕화');
Insert into TEAM1.FAVORITE_T (USERNUM,FAVORITESUBJECT,FAVORITEVALUE) values (1,'actor','이진호');
Insert into TEAM1.FAVORITE_T (USERNUM,FAVORITESUBJECT,FAVORITEVALUE) values (1,'actor','임상현');
Insert into TEAM1.FAVORITE_T (USERNUM,FAVORITESUBJECT,FAVORITEVALUE) values (1,'genre','뮤지컬');
Insert into TEAM1.FAVORITE_T (USERNUM,FAVORITESUBJECT,FAVORITEVALUE) values (1,'genre','전쟁');
Insert into TEAM1.FAVORITE_T (USERNUM,FAVORITESUBJECT,FAVORITEVALUE) values (1,'genre','애니메이션');
Insert into TEAM1.FAVORITE_T (USERNUM,FAVORITESUBJECT,FAVORITEVALUE) values (1,'genre','범죄');
Insert into TEAM1.FAVORITE_T (USERNUM,FAVORITESUBJECT,FAVORITEVALUE) values (1,'actor','김현옥');
Insert into TEAM1.FAVORITE_T (USERNUM,FAVORITESUBJECT,FAVORITEVALUE) values (1,'actor','이인석');
Insert into TEAM1.FAVORITE_T (USERNUM,FAVORITESUBJECT,FAVORITEVALUE) values (1,'actor','송하림');
Insert into TEAM1.FAVORITE_T (USERNUM,FAVORITESUBJECT,FAVORITEVALUE) values (1,'actor','미즈타 와사비');
Insert into TEAM1.FAVORITE_T (USERNUM,FAVORITESUBJECT,FAVORITEVALUE) values (1,'actor','오하라 메구미');
Insert into TEAM1.FAVORITE_T (USERNUM,FAVORITESUBJECT,FAVORITEVALUE) values (1,'director','신원호');
Insert into TEAM1.FAVORITE_T (USERNUM,FAVORITESUBJECT,FAVORITEVALUE) values (1,'director','낸시 마이어스');
Insert into TEAM1.FAVORITE_T (USERNUM,FAVORITESUBJECT,FAVORITEVALUE) values (1,'director','우민호');
Insert into TEAM1.FAVORITE_T (USERNUM,FAVORITESUBJECT,FAVORITEVALUE) values (1,'director','박훈정');
Insert into TEAM1.FAVORITE_T (USERNUM,FAVORITESUBJECT,FAVORITEVALUE) values (1,'director','우디 앨런');
Insert into TEAM1.FAVORITE_T (USERNUM,FAVORITESUBJECT,FAVORITEVALUE) values (1,'director','이시다테 타이치');
Insert into TEAM1.FAVORITE_T (USERNUM,FAVORITESUBJECT,FAVORITEVALUE) values (1,'director','박훈정');
Insert into TEAM1.FAVORITE_T (USERNUM,FAVORITESUBJECT,FAVORITEVALUE) values (1,'director','우디 앨런');
Insert into TEAM1.FAVORITE_T (USERNUM,FAVORITESUBJECT,FAVORITEVALUE) values (1,'director','이시다테 타이치');
Insert into TEAM1.FAVORITE_T (USERNUM,FAVORITESUBJECT,FAVORITEVALUE) values (1,'director','오충환');
Insert into TEAM1.FAVORITE_T (USERNUM,FAVORITESUBJECT,FAVORITEVALUE) values (1,'director','로런 슈미트 히스릭');
Insert into TEAM1.FAVORITE_T (USERNUM,FAVORITESUBJECT,FAVORITEVALUE) values (1,'director','오충환');
Insert into TEAM1.FAVORITE_T (USERNUM,FAVORITESUBJECT,FAVORITEVALUE) values (1,'director','낸시 마이어스');
Insert into TEAM1.FAVORITE_T (USERNUM,FAVORITESUBJECT,FAVORITEVALUE) values (1,'director','우민호');
Insert into TEAM1.FAVORITE_T (USERNUM,FAVORITESUBJECT,FAVORITEVALUE) values (1,'director','데이미언 셔젤');
Insert into TEAM1.FAVORITE_T (USERNUM,FAVORITESUBJECT,FAVORITEVALUE) values (1,'director','박준화');
Insert into TEAM1.FAVORITE_T (USERNUM,FAVORITESUBJECT,FAVORITEVALUE) values (1,'director','세테기');
Insert into TEAM1.FAVORITE_T (USERNUM,FAVORITESUBJECT,FAVORITEVALUE) values (1,'genre','뮤지컬');
Insert into TEAM1.FAVORITE_T (USERNUM,FAVORITESUBJECT,FAVORITEVALUE) values (1,'genre','다큐멘터리');
Insert into TEAM1.FAVORITE_T (USERNUM,FAVORITESUBJECT,FAVORITEVALUE) values (1,'genre','코미디');
Insert into TEAM1.FAVORITE_T (USERNUM,FAVORITESUBJECT,FAVORITEVALUE) values (1,'genre','애니메이션');
Insert into TEAM1.FAVORITE_T (USERNUM,FAVORITESUBJECT,FAVORITEVALUE) values (1,'actor','지상렬');
Insert into TEAM1.FAVORITE_T (USERNUM,FAVORITESUBJECT,FAVORITEVALUE) values (1,'actor','김동희');
Insert into TEAM1.FAVORITE_T (USERNUM,FAVORITESUBJECT,FAVORITEVALUE) values (1,'actor','신하균');
Insert into TEAM1.FAVORITE_T (USERNUM,FAVORITESUBJECT,FAVORITEVALUE) values (1,'actor','로런 저먼');
Insert into TEAM1.FAVORITE_T (USERNUM,FAVORITESUBJECT,FAVORITEVALUE) values (1,'genre','에로');
Insert into TEAM1.FAVORITE_T (USERNUM,FAVORITESUBJECT,FAVORITEVALUE) values (1,'genre','판타지');
Insert into TEAM1.FAVORITE_T (USERNUM,FAVORITESUBJECT,FAVORITEVALUE) values (1,'genre','모험');
Insert into TEAM1.FAVORITE_T (USERNUM,FAVORITESUBJECT,FAVORITEVALUE) values (1,'actor','하나자와 카나');
Insert into TEAM1.FAVORITE_T (USERNUM,FAVORITESUBJECT,FAVORITEVALUE) values (1,'actor','규현');
Insert into TEAM1.FAVORITE_T (USERNUM,FAVORITESUBJECT,FAVORITEVALUE) values (1,'actor','이상엽');
Insert into TEAM1.FAVORITE_T (USERNUM,FAVORITESUBJECT,FAVORITEVALUE) values (1,'director','우디 앨런');
Insert into TEAM1.FAVORITE_T (USERNUM,FAVORITESUBJECT,FAVORITEVALUE) values (1,'director','김원석');
Insert into TEAM1.FAVORITE_T (USERNUM,FAVORITESUBJECT,FAVORITEVALUE) values (1,'director','로런 슈미트 히스릭');
Insert into TEAM1.FAVORITE_T (USERNUM,FAVORITESUBJECT,FAVORITEVALUE) values (1,'director','김수아');
Insert into TEAM1.FAVORITE_T (USERNUM,FAVORITESUBJECT,FAVORITEVALUE) values (1,'director','김시중');
Insert into TEAM1.FAVORITE_T (USERNUM,FAVORITESUBJECT,FAVORITEVALUE) values (1,'genre','뮤지컬');
Insert into TEAM1.FAVORITE_T (USERNUM,FAVORITESUBJECT,FAVORITEVALUE) values (1,'genre','에로');
Insert into TEAM1.FAVORITE_T (USERNUM,FAVORITESUBJECT,FAVORITEVALUE) values (1,'genre','판타지');
Insert into TEAM1.FAVORITE_T (USERNUM,FAVORITESUBJECT,FAVORITEVALUE) values (1,'genre','다큐멘터리');
Insert into TEAM1.FAVORITE_T (USERNUM,FAVORITESUBJECT,FAVORITEVALUE) values (1,'genre','에로');
Insert into TEAM1.FAVORITE_T (USERNUM,FAVORITESUBJECT,FAVORITEVALUE) values (1,'genre','SF');
Insert into TEAM1.FAVORITE_T (USERNUM,FAVORITESUBJECT,FAVORITEVALUE) values (1,'genre','에로');
Insert into TEAM1.FAVORITE_T (USERNUM,FAVORITESUBJECT,FAVORITEVALUE) values (1,'genre','SF');
Insert into TEAM1.FAVORITE_T (USERNUM,FAVORITESUBJECT,FAVORITEVALUE) values (1,'genre','액션');
Insert into TEAM1.FAVORITE_T (USERNUM,FAVORITESUBJECT,FAVORITEVALUE) values (1,'actor','김혜옥');
Insert into TEAM1.FAVORITE_T (USERNUM,FAVORITESUBJECT,FAVORITEVALUE) values (1,'actor','김동희');
Insert into TEAM1.FAVORITE_T (USERNUM,FAVORITESUBJECT,FAVORITEVALUE) values (1,'actor','김여진');
Insert into TEAM1.FAVORITE_T (USERNUM,FAVORITESUBJECT,FAVORITEVALUE) values (1,'director','황동혁');
Insert into TEAM1.FAVORITE_T (USERNUM,FAVORITESUBJECT,FAVORITEVALUE) values (1,'director','박훈정');
Insert into TEAM1.FAVORITE_T (USERNUM,FAVORITESUBJECT,FAVORITEVALUE) values (1,'director','박준화');
Insert into TEAM1.FAVORITE_T (USERNUM,FAVORITESUBJECT,FAVORITEVALUE) values (1,'genre','에로');
Insert into TEAM1.FAVORITE_T (USERNUM,FAVORITESUBJECT,FAVORITEVALUE) values (1,'genre','SF');
Insert into TEAM1.FAVORITE_T (USERNUM,FAVORITESUBJECT,FAVORITEVALUE) values (1,'genre','전쟁');
Insert into TEAM1.FAVORITE_T (USERNUM,FAVORITESUBJECT,FAVORITEVALUE) values (1,'genre','코미디');
Insert into TEAM1.FAVORITE_T (USERNUM,FAVORITESUBJECT,FAVORITEVALUE) values (1,'genre','가족');
Insert into TEAM1.FAVORITE_T (USERNUM,FAVORITESUBJECT,FAVORITEVALUE) values (1,'actor','김혜옥');
Insert into TEAM1.FAVORITE_T (USERNUM,FAVORITESUBJECT,FAVORITEVALUE) values (1,'actor','김성주');
Insert into TEAM1.FAVORITE_T (USERNUM,FAVORITESUBJECT,FAVORITEVALUE) values (1,'director','황동혁');
Insert into TEAM1.FAVORITE_T (USERNUM,FAVORITESUBJECT,FAVORITEVALUE) values (1,'director','박훈정');
Insert into TEAM1.FAVORITE_T (USERNUM,FAVORITESUBJECT,FAVORITEVALUE) values (1,'director','박준화');
Insert into TEAM1.FAVORITE_T (USERNUM,FAVORITESUBJECT,FAVORITEVALUE) values (1,'genre','뮤지컬');
Insert into TEAM1.FAVORITE_T (USERNUM,FAVORITESUBJECT,FAVORITEVALUE) values (1,'genre','에로');
Insert into TEAM1.FAVORITE_T (USERNUM,FAVORITESUBJECT,FAVORITEVALUE) values (1,'actor','김혜옥');
Insert into TEAM1.FAVORITE_T (USERNUM,FAVORITESUBJECT,FAVORITEVALUE) values (1,'actor','이덕화');
Insert into TEAM1.FAVORITE_T (USERNUM,FAVORITESUBJECT,FAVORITEVALUE) values (1,'director','김원석');
Insert into TEAM1.FAVORITE_T (USERNUM,FAVORITESUBJECT,FAVORITEVALUE) values (1,'director','김수아');
Insert into TEAM1.FAVORITE_T (USERNUM,FAVORITESUBJECT,FAVORITEVALUE) values (1,'genre','에로');
Insert into TEAM1.FAVORITE_T (USERNUM,FAVORITESUBJECT,FAVORITEVALUE) values (1,'genre','무협');
Insert into TEAM1.FAVORITE_T (USERNUM,FAVORITESUBJECT,FAVORITEVALUE) values (262,'genre','무협');
Insert into TEAM1.FAVORITE_T (USERNUM,FAVORITESUBJECT,FAVORITEVALUE) values (262,'genre','에로');
Insert into TEAM1.FAVORITE_T (USERNUM,FAVORITESUBJECT,FAVORITEVALUE) values (262,'genre','SF');
Insert into TEAM1.FAVORITE_T (USERNUM,FAVORITESUBJECT,FAVORITEVALUE) values (262,'genre','액션');
Insert into TEAM1.FAVORITE_T (USERNUM,FAVORITESUBJECT,FAVORITEVALUE) values (262,'actor','김성주');
Insert into TEAM1.FAVORITE_T (USERNUM,FAVORITESUBJECT,FAVORITEVALUE) values (262,'actor','김현옥');
Insert into TEAM1.FAVORITE_T (USERNUM,FAVORITESUBJECT,FAVORITEVALUE) values (262,'actor','김동희');
Insert into TEAM1.FAVORITE_T (USERNUM,FAVORITESUBJECT,FAVORITEVALUE) values (262,'director','황동혁');
Insert into TEAM1.FAVORITE_T (USERNUM,FAVORITESUBJECT,FAVORITEVALUE) values (262,'director','박훈정');
Insert into TEAM1.FAVORITE_T (USERNUM,FAVORITESUBJECT,FAVORITEVALUE) values (262,'director','박준화');
Insert into TEAM1.FAVORITE_T (USERNUM,FAVORITESUBJECT,FAVORITEVALUE) values (267,'genre','에로');
Insert into TEAM1.FAVORITE_T (USERNUM,FAVORITESUBJECT,FAVORITEVALUE) values (267,'genre','SF');
Insert into TEAM1.FAVORITE_T (USERNUM,FAVORITESUBJECT,FAVORITEVALUE) values (267,'genre','액션');
Insert into TEAM1.FAVORITE_T (USERNUM,FAVORITESUBJECT,FAVORITEVALUE) values (267,'genre','무협');
Insert into TEAM1.FAVORITE_T (USERNUM,FAVORITESUBJECT,FAVORITEVALUE) values (267,'actor','김혜옥');
Insert into TEAM1.FAVORITE_T (USERNUM,FAVORITESUBJECT,FAVORITEVALUE) values (267,'actor','김성주');
Insert into TEAM1.FAVORITE_T (USERNUM,FAVORITESUBJECT,FAVORITEVALUE) values (267,'actor','김현옥');
Insert into TEAM1.FAVORITE_T (USERNUM,FAVORITESUBJECT,FAVORITEVALUE) values (267,'director','황동혁');
Insert into TEAM1.FAVORITE_T (USERNUM,FAVORITESUBJECT,FAVORITEVALUE) values (268,'genre','에로');
Insert into TEAM1.FAVORITE_T (USERNUM,FAVORITESUBJECT,FAVORITEVALUE) values (268,'genre','SF');
Insert into TEAM1.FAVORITE_T (USERNUM,FAVORITESUBJECT,FAVORITEVALUE) values (268,'actor','D.B우드사이드');
Insert into TEAM1.FAVORITE_T (USERNUM,FAVORITESUBJECT,FAVORITEVALUE) values (268,'director','김원석');
Insert into TEAM1.FAVORITE_T (USERNUM,FAVORITESUBJECT,FAVORITEVALUE) values (268,'director','다카하시 아츠시');
Insert into TEAM1.FAVORITE_T (USERNUM,FAVORITESUBJECT,FAVORITEVALUE) values (269,'genre','에로');
Insert into TEAM1.FAVORITE_T (USERNUM,FAVORITESUBJECT,FAVORITEVALUE) values (269,'genre','SF');
Insert into TEAM1.FAVORITE_T (USERNUM,FAVORITESUBJECT,FAVORITEVALUE) values (269,'actor','김혜옥');
Insert into TEAM1.FAVORITE_T (USERNUM,FAVORITESUBJECT,FAVORITEVALUE) values (269,'director','김원석');
Insert into TEAM1.FAVORITE_T (USERNUM,FAVORITESUBJECT,FAVORITEVALUE) values (270,'genre','전쟁');
Insert into TEAM1.FAVORITE_T (USERNUM,FAVORITESUBJECT,FAVORITEVALUE) values (270,'genre','SF');
Insert into TEAM1.FAVORITE_T (USERNUM,FAVORITESUBJECT,FAVORITEVALUE) values (270,'actor','박보영');
Insert into TEAM1.FAVORITE_T (USERNUM,FAVORITESUBJECT,FAVORITEVALUE) values (270,'director','박준화');
Insert into TEAM1.FAVORITE_T (USERNUM,FAVORITESUBJECT,FAVORITEVALUE) values (271,'genre','전쟁');
Insert into TEAM1.FAVORITE_T (USERNUM,FAVORITESUBJECT,FAVORITEVALUE) values (271,'actor','이경영');
Insert into TEAM1.FAVORITE_T (USERNUM,FAVORITESUBJECT,FAVORITEVALUE) values (273,'genre','미스터리');
Insert into TEAM1.FAVORITE_T (USERNUM,FAVORITESUBJECT,FAVORITEVALUE) values (273,'actor','박보영');
Insert into TEAM1.FAVORITE_T (USERNUM,FAVORITESUBJECT,FAVORITEVALUE) values (273,'director','박준화');
Insert into TEAM1.FAVORITE_T (USERNUM,FAVORITESUBJECT,FAVORITEVALUE) values (274,'genre','다큐멘터리');
Insert into TEAM1.FAVORITE_T (USERNUM,FAVORITESUBJECT,FAVORITEVALUE) values (274,'genre','전쟁');
Insert into TEAM1.FAVORITE_T (USERNUM,FAVORITESUBJECT,FAVORITEVALUE) values (274,'genre','액션');
Insert into TEAM1.FAVORITE_T (USERNUM,FAVORITESUBJECT,FAVORITEVALUE) values (274,'actor','지상렬');
Insert into TEAM1.FAVORITE_T (USERNUM,FAVORITESUBJECT,FAVORITEVALUE) values (274,'actor','츄');
Insert into TEAM1.FAVORITE_T (USERNUM,FAVORITESUBJECT,FAVORITEVALUE) values (274,'actor','이정재');
Insert into TEAM1.FAVORITE_T (USERNUM,FAVORITESUBJECT,FAVORITEVALUE) values (274,'director','황동혁');
Insert into TEAM1.FAVORITE_T (USERNUM,FAVORITESUBJECT,FAVORITEVALUE) values (274,'director','신원호');
Insert into TEAM1.FAVORITE_T (USERNUM,FAVORITESUBJECT,FAVORITEVALUE) values (275,'genre','로맨스');
Insert into TEAM1.FAVORITE_T (USERNUM,FAVORITESUBJECT,FAVORITEVALUE) values (275,'genre','다큐멘터리');
Insert into TEAM1.FAVORITE_T (USERNUM,FAVORITESUBJECT,FAVORITEVALUE) values (275,'genre','애니메이션');
Insert into TEAM1.FAVORITE_T (USERNUM,FAVORITESUBJECT,FAVORITEVALUE) values (275,'genre','범죄');
Insert into TEAM1.FAVORITE_T (USERNUM,FAVORITESUBJECT,FAVORITEVALUE) values (275,'actor','이정재');
Insert into TEAM1.FAVORITE_T (USERNUM,FAVORITESUBJECT,FAVORITEVALUE) values (275,'actor','황정민');
Insert into TEAM1.FAVORITE_T (USERNUM,FAVORITESUBJECT,FAVORITEVALUE) values (275,'actor','유해진');
Insert into TEAM1.FAVORITE_T (USERNUM,FAVORITESUBJECT,FAVORITEVALUE) values (275,'actor','박보영');
Insert into TEAM1.FAVORITE_T (USERNUM,FAVORITESUBJECT,FAVORITEVALUE) values (275,'director','김수아');
Insert into TEAM1.FAVORITE_T (USERNUM,FAVORITESUBJECT,FAVORITEVALUE) values (275,'director','김시중');
Insert into TEAM1.FAVORITE_T (USERNUM,FAVORITESUBJECT,FAVORITEVALUE) values (275,'director','김진민');
Insert into TEAM1.FAVORITE_T (USERNUM,FAVORITESUBJECT,FAVORITEVALUE) values (276,'genre','뮤지컬');
Insert into TEAM1.FAVORITE_T (USERNUM,FAVORITESUBJECT,FAVORITEVALUE) values (276,'genre','전쟁');
Insert into TEAM1.FAVORITE_T (USERNUM,FAVORITESUBJECT,FAVORITEVALUE) values (276,'genre','코미디');
Insert into TEAM1.FAVORITE_T (USERNUM,FAVORITESUBJECT,FAVORITEVALUE) values (276,'genre','가족');
Insert into TEAM1.FAVORITE_T (USERNUM,FAVORITESUBJECT,FAVORITEVALUE) values (276,'actor','오정세');
Insert into TEAM1.FAVORITE_T (USERNUM,FAVORITESUBJECT,FAVORITEVALUE) values (276,'actor','송새벽');
Insert into TEAM1.FAVORITE_T (USERNUM,FAVORITESUBJECT,FAVORITEVALUE) values (276,'actor','이병헌');
Insert into TEAM1.FAVORITE_T (USERNUM,FAVORITESUBJECT,FAVORITEVALUE) values (276,'director','황동혁');
Insert into TEAM1.FAVORITE_T (USERNUM,FAVORITESUBJECT,FAVORITEVALUE) values (277,'genre','판타지');
Insert into TEAM1.FAVORITE_T (USERNUM,FAVORITESUBJECT,FAVORITEVALUE) values (277,'genre','애니메이션');
Insert into TEAM1.FAVORITE_T (USERNUM,FAVORITESUBJECT,FAVORITEVALUE) values (277,'actor','이정재');
Insert into TEAM1.FAVORITE_T (USERNUM,FAVORITESUBJECT,FAVORITEVALUE) values (277,'director','이병헌');
Insert into TEAM1.FAVORITE_T (USERNUM,FAVORITESUBJECT,FAVORITEVALUE) values (279,'genre','에로');
Insert into TEAM1.FAVORITE_T (USERNUM,FAVORITESUBJECT,FAVORITEVALUE) values (279,'genre','SF');
Insert into TEAM1.FAVORITE_T (USERNUM,FAVORITESUBJECT,FAVORITEVALUE) values (279,'genre','액션');
Insert into TEAM1.FAVORITE_T (USERNUM,FAVORITESUBJECT,FAVORITEVALUE) values (279,'actor','박진철');
Insert into TEAM1.FAVORITE_T (USERNUM,FAVORITESUBJECT,FAVORITEVALUE) values (279,'actor','이정재');
Insert into TEAM1.FAVORITE_T (USERNUM,FAVORITESUBJECT,FAVORITEVALUE) values (279,'director','이시다테 타이치');
Insert into TEAM1.FAVORITE_T (USERNUM,FAVORITESUBJECT,FAVORITEVALUE) values (279,'director','세테기');
Insert into TEAM1.FAVORITE_T (USERNUM,FAVORITESUBJECT,FAVORITEVALUE) values (281,'genre','SF');
Insert into TEAM1.FAVORITE_T (USERNUM,FAVORITESUBJECT,FAVORITEVALUE) values (281,'actor','이정재');
Insert into TEAM1.FAVORITE_T (USERNUM,FAVORITESUBJECT,FAVORITEVALUE) values (281,'director','김수아');
Insert into TEAM1.FAVORITE_T (USERNUM,FAVORITESUBJECT,FAVORITEVALUE) values (283,'genre','에로');
Insert into TEAM1.FAVORITE_T (USERNUM,FAVORITESUBJECT,FAVORITEVALUE) values (283,'genre','SF');
Insert into TEAM1.FAVORITE_T (USERNUM,FAVORITESUBJECT,FAVORITEVALUE) values (284,'genre','에로');
Insert into TEAM1.FAVORITE_T (USERNUM,FAVORITESUBJECT,FAVORITEVALUE) values (284,'genre','SF');
Insert into TEAM1.FAVORITE_T (USERNUM,FAVORITESUBJECT,FAVORITEVALUE) values (284,'actor','김혜옥');
Insert into TEAM1.FAVORITE_T (USERNUM,FAVORITESUBJECT,FAVORITEVALUE) values (284,'genre','에로');
Insert into TEAM1.FAVORITE_T (USERNUM,FAVORITESUBJECT,FAVORITEVALUE) values (284,'genre','SF');
Insert into TEAM1.FAVORITE_T (USERNUM,FAVORITESUBJECT,FAVORITEVALUE) values (285,'genre','미스터리');
Insert into TEAM1.FAVORITE_T (USERNUM,FAVORITESUBJECT,FAVORITEVALUE) values (285,'genre','스릴러');
Insert into TEAM1.FAVORITE_T (USERNUM,FAVORITESUBJECT,FAVORITEVALUE) values (285,'genre','느와르');
Insert into TEAM1.FAVORITE_T (USERNUM,FAVORITESUBJECT,FAVORITEVALUE) values (285,'actor','김혜옥');
Insert into TEAM1.FAVORITE_T (USERNUM,FAVORITESUBJECT,FAVORITEVALUE) values (285,'actor','김동희');
Insert into TEAM1.FAVORITE_T (USERNUM,FAVORITESUBJECT,FAVORITEVALUE) values (285,'actor','김영철');
Insert into TEAM1.FAVORITE_T (USERNUM,FAVORITESUBJECT,FAVORITEVALUE) values (285,'actor','김준현');
Insert into TEAM1.FAVORITE_T (USERNUM,FAVORITESUBJECT,FAVORITEVALUE) values (285,'director','이시다테 타이치');
Insert into TEAM1.FAVORITE_T (USERNUM,FAVORITESUBJECT,FAVORITEVALUE) values (285,'director','박준화');
Insert into TEAM1.FAVORITE_T (USERNUM,FAVORITESUBJECT,FAVORITEVALUE) values (285,'director','이원웅');
Insert into TEAM1.FAVORITE_T (USERNUM,FAVORITESUBJECT,FAVORITEVALUE) values (286,'genre','드라마');
Insert into TEAM1.FAVORITE_T (USERNUM,FAVORITESUBJECT,FAVORITEVALUE) values (286,'genre','로맨스');
Insert into TEAM1.FAVORITE_T (USERNUM,FAVORITESUBJECT,FAVORITEVALUE) values (286,'genre','미스터리');
Insert into TEAM1.FAVORITE_T (USERNUM,FAVORITESUBJECT,FAVORITEVALUE) values (286,'genre','뮤지컬');
Insert into TEAM1.FAVORITE_T (USERNUM,FAVORITESUBJECT,FAVORITEVALUE) values (286,'genre','에로');
Insert into TEAM1.FAVORITE_T (USERNUM,FAVORITESUBJECT,FAVORITEVALUE) values (286,'genre','판타지');
Insert into TEAM1.FAVORITE_T (USERNUM,FAVORITESUBJECT,FAVORITEVALUE) values (286,'genre','모험');
Insert into TEAM1.FAVORITE_T (USERNUM,FAVORITESUBJECT,FAVORITEVALUE) values (286,'genre','서부');
Insert into TEAM1.FAVORITE_T (USERNUM,FAVORITESUBJECT,FAVORITEVALUE) values (286,'genre','스릴러');
Insert into TEAM1.FAVORITE_T (USERNUM,FAVORITESUBJECT,FAVORITEVALUE) values (286,'genre','코미디');
Insert into TEAM1.FAVORITE_T (USERNUM,FAVORITESUBJECT,FAVORITEVALUE) values (286,'genre','애니메이션');
Insert into TEAM1.FAVORITE_T (USERNUM,FAVORITESUBJECT,FAVORITEVALUE) values (286,'genre','액션');
Insert into TEAM1.FAVORITE_T (USERNUM,FAVORITESUBJECT,FAVORITEVALUE) values (286,'genre','가족');
Insert into TEAM1.FAVORITE_T (USERNUM,FAVORITESUBJECT,FAVORITEVALUE) values (286,'genre','범죄');
Insert into TEAM1.FAVORITE_T (USERNUM,FAVORITESUBJECT,FAVORITEVALUE) values (286,'actor','오정세');
Insert into TEAM1.FAVORITE_T (USERNUM,FAVORITESUBJECT,FAVORITEVALUE) values (286,'actor','피오');
Insert into TEAM1.FAVORITE_T (USERNUM,FAVORITESUBJECT,FAVORITEVALUE) values (286,'actor','오영수');
Insert into TEAM1.FAVORITE_T (USERNUM,FAVORITESUBJECT,FAVORITEVALUE) values (286,'actor','오언 윌슨');
Insert into TEAM1.FAVORITE_T (USERNUM,FAVORITESUBJECT,FAVORITEVALUE) values (286,'actor','오영실');
Insert into TEAM1.FAVORITE_T (USERNUM,FAVORITESUBJECT,FAVORITEVALUE) values (286,'actor','오지호');
Insert into TEAM1.FAVORITE_T (USERNUM,FAVORITESUBJECT,FAVORITEVALUE) values (286,'director','박훈정');
Insert into TEAM1.FAVORITE_T (USERNUM,FAVORITESUBJECT,FAVORITEVALUE) values (286,'director','김원석');
Insert into TEAM1.FAVORITE_T (USERNUM,FAVORITESUBJECT,FAVORITEVALUE) values (286,'director','박준화');
Insert into TEAM1.FAVORITE_T (USERNUM,FAVORITESUBJECT,FAVORITEVALUE) values (286,'director','김수아');
Insert into TEAM1.FAVORITE_T (USERNUM,FAVORITESUBJECT,FAVORITEVALUE) values (286,'director','김시중');
Insert into TEAM1.FAVORITE_T (USERNUM,FAVORITESUBJECT,FAVORITEVALUE) values (286,'director','김진민');
Insert into TEAM1.FAVORITE_T (USERNUM,FAVORITESUBJECT,FAVORITEVALUE) values (287,'genre','범죄');
Insert into TEAM1.FAVORITE_T (USERNUM,FAVORITESUBJECT,FAVORITEVALUE) values (287,'genre','무협');
Insert into TEAM1.FAVORITE_T (USERNUM,FAVORITESUBJECT,FAVORITEVALUE) values (287,'actor','이덕화');
REM INSERTING into TEAM1.FILES
SET DEFINE OFF;
Insert into TEAM1.FILES (BOARDNUM,FILENAME,REGDATE) values (66,'/2021/11/09/s_61b97265-a222-4c87-a04f-f1454e87751a_KakaoTalk_20211104_130742856.jpg',to_date('21/11/09','RR/MM/DD'));
Insert into TEAM1.FILES (BOARDNUM,FILENAME,REGDATE) values (67,'/2021/11/09/s_dac70562-f91d-4278-9a64-5bc0794e7479_s_ecd43f9f-d72e-423d-b7aa-b36a62ee29af_3c2de9b8-bdd2-4e44-8e73-85af0cb868e8_루시퍼.jpg',to_date('21/11/09','RR/MM/DD'));
Insert into TEAM1.FILES (BOARDNUM,FILENAME,REGDATE) values (68,'/2021/11/10/s_4af509e9-bd4d-4f22-ae8e-ef812d37aab4_s_ecd43f9f-d72e-423d-b7aa-b36a62ee29af_3c2de9b8-bdd2-4e44-8e73-85af0cb868e8_루시퍼.jpg',to_date('21/11/10','RR/MM/DD'));
Insert into TEAM1.FILES (BOARDNUM,FILENAME,REGDATE) values (69,'/2021/11/10/s_66592b28-335a-441f-8b60-f21fce4bd463_IMG_1973.JPG',to_date('21/11/10','RR/MM/DD'));
Insert into TEAM1.FILES (BOARDNUM,FILENAME,REGDATE) values (70,'/2021/11/10/s_08f66e3a-41e5-477d-8aef-9c38fce21b0b_20190824_164029.jpg',to_date('21/11/10','RR/MM/DD'));
Insert into TEAM1.FILES (BOARDNUM,FILENAME,REGDATE) values (71,' ',to_date('21/11/10','RR/MM/DD'));
Insert into TEAM1.FILES (BOARDNUM,FILENAME,REGDATE) values (76,'/2021/11/10/s_5f8a5e94-c792-4af3-80df-4b4575eb77bb_pg.png',to_date('21/11/10','RR/MM/DD'));
Insert into TEAM1.FILES (BOARDNUM,FILENAME,REGDATE) values (77,'/2021/11/10/s_0710534f-eed3-48e0-9ec7-0f253679092c_s_4af509e9-bd4d-4f22-ae8e-ef812d37aab4_s_ecd43f9f-d72e-423d-b7aa-b36a62ee29af_3c2de9b8-bdd2-4e44-8e73-85af0cb868e8_루시퍼.jpg',to_date('21/11/10','RR/MM/DD'));
Insert into TEAM1.FILES (BOARDNUM,FILENAME,REGDATE) values (78,'/2021/11/10/s_0d46e024-245b-4a00-8313-adf31e816c78_s_0710534f-eed3-48e0-9ec7-0f253679092c_s_4af509e9-bd4d-4f22-ae8e-ef812d37aab4_s_ecd43f9f-d72e-423d-b7aa-b36a62ee29af_3c2de9b8-bdd2-4e44-8e73-85af0cb868e8_루시퍼.jpg',to_date('21/11/10','RR/MM/DD'));
Insert into TEAM1.FILES (BOARDNUM,FILENAME,REGDATE) values (79,' ',to_date('21/11/10','RR/MM/DD'));
Insert into TEAM1.FILES (BOARDNUM,FILENAME,REGDATE) values (80,'/2021/11/10/s_4db87ca1-bc5a-4561-b630-42a48e517cc0_20160820_233130.jpg',to_date('21/11/10','RR/MM/DD'));
Insert into TEAM1.FILES (BOARDNUM,FILENAME,REGDATE) values (81,'/2021/11/10/s_0b8df87e-0045-4dbd-9ae7-47739e10d808_KakaoTalk_20211008_143016931.jpg',to_date('21/11/10','RR/MM/DD'));
Insert into TEAM1.FILES (BOARDNUM,FILENAME,REGDATE) values (82,'/2021/11/10/s_4b6a4073-251b-4832-b299-53f1268fd15b_KakaoTalk_20211008_143016931.jpg',to_date('21/11/10','RR/MM/DD'));
Insert into TEAM1.FILES (BOARDNUM,FILENAME,REGDATE) values (83,'/2021/11/10/s_eb3d0dc1-ebd7-4cae-bd38-62bc328981fd_KakaoTalk_20211008_143016931.jpg',to_date('21/11/10','RR/MM/DD'));
Insert into TEAM1.FILES (BOARDNUM,FILENAME,REGDATE) values (84,'/2021/11/10/s_6fe9f055-8b47-42c8-af84-05fa286b17ad_KakaoTalk_20211008_143016931.jpg',to_date('21/11/10','RR/MM/DD'));
Insert into TEAM1.FILES (BOARDNUM,FILENAME,REGDATE) values (85,'/2021/11/10/765bdd8e-c8df-43d4-ab7c-14bb3576794f_KakaoTalk_20211008_143016931.jpg',to_date('21/11/10','RR/MM/DD'));
Insert into TEAM1.FILES (BOARDNUM,FILENAME,REGDATE) values (86,' ',to_date('21/11/10','RR/MM/DD'));
Insert into TEAM1.FILES (BOARDNUM,FILENAME,REGDATE) values (96,' ',to_date('21/11/11','RR/MM/DD'));
Insert into TEAM1.FILES (BOARDNUM,FILENAME,REGDATE) values (97,'/2021/11/11/ae35ca2d-dad3-4f22-a2ad-4287035168c5_20161015_235750.jpg',to_date('21/11/11','RR/MM/DD'));
Insert into TEAM1.FILES (BOARDNUM,FILENAME,REGDATE) values (98,'/2021/11/11/f30bf50b-6252-4ae6-9d18-32e610d6d651_IMG_1971.JPG',to_date('21/11/11','RR/MM/DD'));
Insert into TEAM1.FILES (BOARDNUM,FILENAME,REGDATE) values (99,' ',to_date('21/11/12','RR/MM/DD'));
Insert into TEAM1.FILES (BOARDNUM,FILENAME,REGDATE) values (100,'/2021/11/12/d7246fbb-735e-4cdf-877f-910f9d2fdfec_KakaoTalk_20211008_143016931.jpg',to_date('21/11/12','RR/MM/DD'));
Insert into TEAM1.FILES (BOARDNUM,FILENAME,REGDATE) values (101,' ',to_date('21/11/12','RR/MM/DD'));
REM INSERTING into TEAM1.GENREJOIN
SET DEFINE OFF;
Insert into TEAM1.GENREJOIN (CONTENTSID,GENREID) values (1,16);
Insert into TEAM1.GENREJOIN (CONTENTSID,GENREID) values (1,12);
Insert into TEAM1.GENREJOIN (CONTENTSID,GENREID) values (1,15);
Insert into TEAM1.GENREJOIN (CONTENTSID,GENREID) values (2,2);
Insert into TEAM1.GENREJOIN (CONTENTSID,GENREID) values (2,13);
Insert into TEAM1.GENREJOIN (CONTENTSID,GENREID) values (3,1);
Insert into TEAM1.GENREJOIN (CONTENTSID,GENREID) values (3,19);
Insert into TEAM1.GENREJOIN (CONTENTSID,GENREID) values (3,1);
Insert into TEAM1.GENREJOIN (CONTENTSID,GENREID) values (3,13);
Insert into TEAM1.GENREJOIN (CONTENTSID,GENREID) values (3,18);
Insert into TEAM1.GENREJOIN (CONTENTSID,GENREID) values (4,18);
Insert into TEAM1.GENREJOIN (CONTENTSID,GENREID) values (4,1);
Insert into TEAM1.GENREJOIN (CONTENTSID,GENREID) values (5,6);
Insert into TEAM1.GENREJOIN (CONTENTSID,GENREID) values (5,12);
Insert into TEAM1.GENREJOIN (CONTENTSID,GENREID) values (5,2);
Insert into TEAM1.GENREJOIN (CONTENTSID,GENREID) values (6,1);
Insert into TEAM1.GENREJOIN (CONTENTSID,GENREID) values (6,2);
Insert into TEAM1.GENREJOIN (CONTENTSID,GENREID) values (6,4);
Insert into TEAM1.GENREJOIN (CONTENTSID,GENREID) values (6,1);
Insert into TEAM1.GENREJOIN (CONTENTSID,GENREID) values (7,1);
Insert into TEAM1.GENREJOIN (CONTENTSID,GENREID) values (7,2);
Insert into TEAM1.GENREJOIN (CONTENTSID,GENREID) values (7,13);
Insert into TEAM1.GENREJOIN (CONTENTSID,GENREID) values (7,18);
Insert into TEAM1.GENREJOIN (CONTENTSID,GENREID) values (8,13);
Insert into TEAM1.GENREJOIN (CONTENTSID,GENREID) values (8,15);
Insert into TEAM1.GENREJOIN (CONTENTSID,GENREID) values (8,17);
Insert into TEAM1.GENREJOIN (CONTENTSID,GENREID) values (8,19);
Insert into TEAM1.GENREJOIN (CONTENTSID,GENREID) values (9,12);
Insert into TEAM1.GENREJOIN (CONTENTSID,GENREID) values (9,15);
Insert into TEAM1.GENREJOIN (CONTENTSID,GENREID) values (9,17);
Insert into TEAM1.GENREJOIN (CONTENTSID,GENREID) values (9,19);
Insert into TEAM1.GENREJOIN (CONTENTSID,GENREID) values (10,1);
Insert into TEAM1.GENREJOIN (CONTENTSID,GENREID) values (10,2);
Insert into TEAM1.GENREJOIN (CONTENTSID,GENREID) values (10,6);
Insert into TEAM1.GENREJOIN (CONTENTSID,GENREID) values (10,13);
Insert into TEAM1.GENREJOIN (CONTENTSID,GENREID) values (11,13);
Insert into TEAM1.GENREJOIN (CONTENTSID,GENREID) values (11,14);
Insert into TEAM1.GENREJOIN (CONTENTSID,GENREID) values (12,14);
Insert into TEAM1.GENREJOIN (CONTENTSID,GENREID) values (13,14);
Insert into TEAM1.GENREJOIN (CONTENTSID,GENREID) values (14,1);
Insert into TEAM1.GENREJOIN (CONTENTSID,GENREID) values (14,2);
Insert into TEAM1.GENREJOIN (CONTENTSID,GENREID) values (14,6);
Insert into TEAM1.GENREJOIN (CONTENTSID,GENREID) values (14,13);
Insert into TEAM1.GENREJOIN (CONTENTSID,GENREID) values (14,18);
Insert into TEAM1.GENREJOIN (CONTENTSID,GENREID) values (15,1);
Insert into TEAM1.GENREJOIN (CONTENTSID,GENREID) values (15,2);
Insert into TEAM1.GENREJOIN (CONTENTSID,GENREID) values (15,18);
Insert into TEAM1.GENREJOIN (CONTENTSID,GENREID) values (16,1);
Insert into TEAM1.GENREJOIN (CONTENTSID,GENREID) values (16,2);
Insert into TEAM1.GENREJOIN (CONTENTSID,GENREID) values (16,6);
Insert into TEAM1.GENREJOIN (CONTENTSID,GENREID) values (16,13);
Insert into TEAM1.GENREJOIN (CONTENTSID,GENREID) values (17,13);
Insert into TEAM1.GENREJOIN (CONTENTSID,GENREID) values (17,21);
Insert into TEAM1.GENREJOIN (CONTENTSID,GENREID) values (18,21);
Insert into TEAM1.GENREJOIN (CONTENTSID,GENREID) values (19,21);
Insert into TEAM1.GENREJOIN (CONTENTSID,GENREID) values (20,14);
Insert into TEAM1.GENREJOIN (CONTENTSID,GENREID) values (21,14);
Insert into TEAM1.GENREJOIN (CONTENTSID,GENREID) values (22,8);
Insert into TEAM1.GENREJOIN (CONTENTSID,GENREID) values (23,21);
Insert into TEAM1.GENREJOIN (CONTENTSID,GENREID) values (24,15);
Insert into TEAM1.GENREJOIN (CONTENTSID,GENREID) values (24,16);
Insert into TEAM1.GENREJOIN (CONTENTSID,GENREID) values (24,17);
Insert into TEAM1.GENREJOIN (CONTENTSID,GENREID) values (24,19);
Insert into TEAM1.GENREJOIN (CONTENTSID,GENREID) values (25,1);
Insert into TEAM1.GENREJOIN (CONTENTSID,GENREID) values (25,13);
Insert into TEAM1.GENREJOIN (CONTENTSID,GENREID) values (25,15);
Insert into TEAM1.GENREJOIN (CONTENTSID,GENREID) values (25,19);
Insert into TEAM1.GENREJOIN (CONTENTSID,GENREID) values (26,1);
Insert into TEAM1.GENREJOIN (CONTENTSID,GENREID) values (26,13);
Insert into TEAM1.GENREJOIN (CONTENTSID,GENREID) values (26,18);
Insert into TEAM1.GENREJOIN (CONTENTSID,GENREID) values (27,2);
Insert into TEAM1.GENREJOIN (CONTENTSID,GENREID) values (27,6);
Insert into TEAM1.GENREJOIN (CONTENTSID,GENREID) values (27,19);
Insert into TEAM1.GENREJOIN (CONTENTSID,GENREID) values (28,7);
Insert into TEAM1.GENREJOIN (CONTENTSID,GENREID) values (28,12);
Insert into TEAM1.GENREJOIN (CONTENTSID,GENREID) values (28,15);
Insert into TEAM1.GENREJOIN (CONTENTSID,GENREID) values (28,16);
Insert into TEAM1.GENREJOIN (CONTENTSID,GENREID) values (29,1);
Insert into TEAM1.GENREJOIN (CONTENTSID,GENREID) values (29,6);
Insert into TEAM1.GENREJOIN (CONTENTSID,GENREID) values (29,7);
Insert into TEAM1.GENREJOIN (CONTENTSID,GENREID) values (29,15);
Insert into TEAM1.GENREJOIN (CONTENTSID,GENREID) values (41,1);
Insert into TEAM1.GENREJOIN (CONTENTSID,GENREID) values (45,3);
Insert into TEAM1.GENREJOIN (CONTENTSID,GENREID) values (46,5);
Insert into TEAM1.GENREJOIN (CONTENTSID,GENREID) values (47,6);
Insert into TEAM1.GENREJOIN (CONTENTSID,GENREID) values (48,7);
Insert into TEAM1.GENREJOIN (CONTENTSID,GENREID) values (49,20);
Insert into TEAM1.GENREJOIN (CONTENTSID,GENREID) values (50,18);
Insert into TEAM1.GENREJOIN (CONTENTSID,GENREID) values (51,17);
Insert into TEAM1.GENREJOIN (CONTENTSID,GENREID) values (52,1);
Insert into TEAM1.GENREJOIN (CONTENTSID,GENREID) values (53,6);
Insert into TEAM1.GENREJOIN (CONTENTSID,GENREID) values (54,1);
Insert into TEAM1.GENREJOIN (CONTENTSID,GENREID) values (55,18);
Insert into TEAM1.GENREJOIN (CONTENTSID,GENREID) values (56,17);
Insert into TEAM1.GENREJOIN (CONTENTSID,GENREID) values (57,5);
Insert into TEAM1.GENREJOIN (CONTENTSID,GENREID) values (58,1);
Insert into TEAM1.GENREJOIN (CONTENTSID,GENREID) values (59,8);
Insert into TEAM1.GENREJOIN (CONTENTSID,GENREID) values (60,4);
Insert into TEAM1.GENREJOIN (CONTENTSID,GENREID) values (61,9);
Insert into TEAM1.GENREJOIN (CONTENTSID,GENREID) values (62,12);
Insert into TEAM1.GENREJOIN (CONTENTSID,GENREID) values (63,18);
Insert into TEAM1.GENREJOIN (CONTENTSID,GENREID) values (64,17);
Insert into TEAM1.GENREJOIN (CONTENTSID,GENREID) values (65,21);
Insert into TEAM1.GENREJOIN (CONTENTSID,GENREID) values (66,19);
Insert into TEAM1.GENREJOIN (CONTENTSID,GENREID) values (67,15);
Insert into TEAM1.GENREJOIN (CONTENTSID,GENREID) values (68,17);
Insert into TEAM1.GENREJOIN (CONTENTSID,GENREID) values (69,18);
Insert into TEAM1.GENREJOIN (CONTENTSID,GENREID) values (88,1);
Insert into TEAM1.GENREJOIN (CONTENTSID,GENREID) values (89,9);
Insert into TEAM1.GENREJOIN (CONTENTSID,GENREID) values (90,5);
Insert into TEAM1.GENREJOIN (CONTENTSID,GENREID) values (91,6);
Insert into TEAM1.GENREJOIN (CONTENTSID,GENREID) values (97,4);
Insert into TEAM1.GENREJOIN (CONTENTSID,GENREID) values (99,2);
Insert into TEAM1.GENREJOIN (CONTENTSID,GENREID) values (100,8);
Insert into TEAM1.GENREJOIN (CONTENTSID,GENREID) values (101,5);
Insert into TEAM1.GENREJOIN (CONTENTSID,GENREID) values (102,6);
Insert into TEAM1.GENREJOIN (CONTENTSID,GENREID) values (103,9);
Insert into TEAM1.GENREJOIN (CONTENTSID,GENREID) values (104,4);
Insert into TEAM1.GENREJOIN (CONTENTSID,GENREID) values (105,8);
Insert into TEAM1.GENREJOIN (CONTENTSID,GENREID) values (41,8);
Insert into TEAM1.GENREJOIN (CONTENTSID,GENREID) values (45,4);
Insert into TEAM1.GENREJOIN (CONTENTSID,GENREID) values (46,1);
Insert into TEAM1.GENREJOIN (CONTENTSID,GENREID) values (47,9);
Insert into TEAM1.GENREJOIN (CONTENTSID,GENREID) values (48,5);
Insert into TEAM1.GENREJOIN (CONTENTSID,GENREID) values (49,6);
Insert into TEAM1.GENREJOIN (CONTENTSID,GENREID) values (50,2);
Insert into TEAM1.GENREJOIN (CONTENTSID,GENREID) values (51,3);
Insert into TEAM1.GENREJOIN (CONTENTSID,GENREID) values (52,9);
Insert into TEAM1.GENREJOIN (CONTENTSID,GENREID) values (53,8);
Insert into TEAM1.GENREJOIN (CONTENTSID,GENREID) values (54,7);
Insert into TEAM1.GENREJOIN (CONTENTSID,GENREID) values (55,4);
Insert into TEAM1.GENREJOIN (CONTENTSID,GENREID) values (56,1);
Insert into TEAM1.GENREJOIN (CONTENTSID,GENREID) values (57,2);
Insert into TEAM1.GENREJOIN (CONTENTSID,GENREID) values (58,8);
Insert into TEAM1.GENREJOIN (CONTENTSID,GENREID) values (59,5);
Insert into TEAM1.GENREJOIN (CONTENTSID,GENREID) values (60,6);
Insert into TEAM1.GENREJOIN (CONTENTSID,GENREID) values (61,7);
Insert into TEAM1.GENREJOIN (CONTENTSID,GENREID) values (62,4);
Insert into TEAM1.GENREJOIN (CONTENTSID,GENREID) values (63,8);
Insert into TEAM1.GENREJOIN (CONTENTSID,GENREID) values (64,5);
Insert into TEAM1.GENREJOIN (CONTENTSID,GENREID) values (65,8);
Insert into TEAM1.GENREJOIN (CONTENTSID,GENREID) values (66,6);
Insert into TEAM1.GENREJOIN (CONTENTSID,GENREID) values (67,1);
Insert into TEAM1.GENREJOIN (CONTENTSID,GENREID) values (68,7);
Insert into TEAM1.GENREJOIN (CONTENTSID,GENREID) values (69,4);
Insert into TEAM1.GENREJOIN (CONTENTSID,GENREID) values (88,14);
Insert into TEAM1.GENREJOIN (CONTENTSID,GENREID) values (89,15);
Insert into TEAM1.GENREJOIN (CONTENTSID,GENREID) values (90,16);
Insert into TEAM1.GENREJOIN (CONTENTSID,GENREID) values (91,15);
Insert into TEAM1.GENREJOIN (CONTENTSID,GENREID) values (97,12);
Insert into TEAM1.GENREJOIN (CONTENTSID,GENREID) values (99,1);
Insert into TEAM1.GENREJOIN (CONTENTSID,GENREID) values (100,7);
Insert into TEAM1.GENREJOIN (CONTENTSID,GENREID) values (101,6);
Insert into TEAM1.GENREJOIN (CONTENTSID,GENREID) values (102,2);
Insert into TEAM1.GENREJOIN (CONTENTSID,GENREID) values (103,3);
Insert into TEAM1.GENREJOIN (CONTENTSID,GENREID) values (104,9);
Insert into TEAM1.GENREJOIN (CONTENTSID,GENREID) values (105,8);
Insert into TEAM1.GENREJOIN (CONTENTSID,GENREID) values (106,7);
Insert into TEAM1.GENREJOIN (CONTENTSID,GENREID) values (41,5);
Insert into TEAM1.GENREJOIN (CONTENTSID,GENREID) values (45,9);
Insert into TEAM1.GENREJOIN (CONTENTSID,GENREID) values (46,12);
Insert into TEAM1.GENREJOIN (CONTENTSID,GENREID) values (47,18);
Insert into TEAM1.GENREJOIN (CONTENTSID,GENREID) values (48,17);
Insert into TEAM1.GENREJOIN (CONTENTSID,GENREID) values (49,21);
Insert into TEAM1.GENREJOIN (CONTENTSID,GENREID) values (50,19);
Insert into TEAM1.GENREJOIN (CONTENTSID,GENREID) values (51,15);
Insert into TEAM1.GENREJOIN (CONTENTSID,GENREID) values (52,17);
Insert into TEAM1.GENREJOIN (CONTENTSID,GENREID) values (53,6);
Insert into TEAM1.GENREJOIN (CONTENTSID,GENREID) values (54,1);
Insert into TEAM1.GENREJOIN (CONTENTSID,GENREID) values (55,18);
Insert into TEAM1.GENREJOIN (CONTENTSID,GENREID) values (56,13);
Insert into TEAM1.GENREJOIN (CONTENTSID,GENREID) values (57,8);
Insert into TEAM1.GENREJOIN (CONTENTSID,GENREID) values (58,7);
Insert into TEAM1.GENREJOIN (CONTENTSID,GENREID) values (59,15);
Insert into TEAM1.GENREJOIN (CONTENTSID,GENREID) values (60,16);
Insert into TEAM1.GENREJOIN (CONTENTSID,GENREID) values (61,11);
Insert into TEAM1.GENREJOIN (CONTENTSID,GENREID) values (62,17);
Insert into TEAM1.GENREJOIN (CONTENTSID,GENREID) values (63,19);
Insert into TEAM1.GENREJOIN (CONTENTSID,GENREID) values (64,18);
Insert into TEAM1.GENREJOIN (CONTENTSID,GENREID) values (65,1);
Insert into TEAM1.GENREJOIN (CONTENTSID,GENREID) values (66,9);
Insert into TEAM1.GENREJOIN (CONTENTSID,GENREID) values (67,12);
Insert into TEAM1.GENREJOIN (CONTENTSID,GENREID) values (68,18);
Insert into TEAM1.GENREJOIN (CONTENTSID,GENREID) values (69,17);
Insert into TEAM1.GENREJOIN (CONTENTSID,GENREID) values (88,11);
Insert into TEAM1.GENREJOIN (CONTENTSID,GENREID) values (89,12);
Insert into TEAM1.GENREJOIN (CONTENTSID,GENREID) values (90,18);
Insert into TEAM1.GENREJOIN (CONTENTSID,GENREID) values (91,17);
Insert into TEAM1.GENREJOIN (CONTENTSID,GENREID) values (97,1);
Insert into TEAM1.GENREJOIN (CONTENTSID,GENREID) values (99,8);
Insert into TEAM1.GENREJOIN (CONTENTSID,GENREID) values (100,6);
Insert into TEAM1.GENREJOIN (CONTENTSID,GENREID) values (101,1);
Insert into TEAM1.GENREJOIN (CONTENTSID,GENREID) values (102,7);
Insert into TEAM1.GENREJOIN (CONTENTSID,GENREID) values (103,4);
Insert into TEAM1.GENREJOIN (CONTENTSID,GENREID) values (104,1);
Insert into TEAM1.GENREJOIN (CONTENTSID,GENREID) values (105,9);
Insert into TEAM1.GENREJOIN (CONTENTSID,GENREID) values (106,5);
Insert into TEAM1.GENREJOIN (CONTENTSID,GENREID) values (41,2);
Insert into TEAM1.GENREJOIN (CONTENTSID,GENREID) values (45,9);
Insert into TEAM1.GENREJOIN (CONTENTSID,GENREID) values (46,4);
Insert into TEAM1.GENREJOIN (CONTENTSID,GENREID) values (47,8);
Insert into TEAM1.GENREJOIN (CONTENTSID,GENREID) values (48,5);
Insert into TEAM1.GENREJOIN (CONTENTSID,GENREID) values (49,8);
Insert into TEAM1.GENREJOIN (CONTENTSID,GENREID) values (50,6);
Insert into TEAM1.GENREJOIN (CONTENTSID,GENREID) values (51,1);
Insert into TEAM1.GENREJOIN (CONTENTSID,GENREID) values (52,7);
Insert into TEAM1.GENREJOIN (CONTENTSID,GENREID) values (53,8);
Insert into TEAM1.GENREJOIN (CONTENTSID,GENREID) values (54,7);
Insert into TEAM1.GENREJOIN (CONTENTSID,GENREID) values (55,4);
Insert into TEAM1.GENREJOIN (CONTENTSID,GENREID) values (56,2);
Insert into TEAM1.GENREJOIN (CONTENTSID,GENREID) values (57,6);
Insert into TEAM1.GENREJOIN (CONTENTSID,GENREID) values (58,10);
Insert into TEAM1.GENREJOIN (CONTENTSID,GENREID) values (59,17);
Insert into TEAM1.GENREJOIN (CONTENTSID,GENREID) values (60,12);
Insert into TEAM1.GENREJOIN (CONTENTSID,GENREID) values (61,18);
Insert into TEAM1.GENREJOIN (CONTENTSID,GENREID) values (62,5);
Insert into TEAM1.GENREJOIN (CONTENTSID,GENREID) values (63,7);
Insert into TEAM1.GENREJOIN (CONTENTSID,GENREID) values (64,4);
Insert into TEAM1.GENREJOIN (CONTENTSID,GENREID) values (65,7);
Insert into TEAM1.GENREJOIN (CONTENTSID,GENREID) values (66,11);
Insert into TEAM1.GENREJOIN (CONTENTSID,GENREID) values (67,4);
Insert into TEAM1.GENREJOIN (CONTENTSID,GENREID) values (68,8);
Insert into TEAM1.GENREJOIN (CONTENTSID,GENREID) values (69,5);
Insert into TEAM1.GENREJOIN (CONTENTSID,GENREID) values (88,9);
Insert into TEAM1.GENREJOIN (CONTENTSID,GENREID) values (89,4);
Insert into TEAM1.GENREJOIN (CONTENTSID,GENREID) values (90,8);
Insert into TEAM1.GENREJOIN (CONTENTSID,GENREID) values (91,5);
Insert into TEAM1.GENREJOIN (CONTENTSID,GENREID) values (97,2);
Insert into TEAM1.GENREJOIN (CONTENTSID,GENREID) values (99,21);
Insert into TEAM1.GENREJOIN (CONTENTSID,GENREID) values (100,19);
Insert into TEAM1.GENREJOIN (CONTENTSID,GENREID) values (101,15);
Insert into TEAM1.GENREJOIN (CONTENTSID,GENREID) values (102,17);
Insert into TEAM1.GENREJOIN (CONTENTSID,GENREID) values (103,18);
Insert into TEAM1.GENREJOIN (CONTENTSID,GENREID) values (104,14);
Insert into TEAM1.GENREJOIN (CONTENTSID,GENREID) values (105,15);
Insert into TEAM1.GENREJOIN (CONTENTSID,GENREID) values (106,16);
REM INSERTING into TEAM1.GENRE_T
SET DEFINE OFF;
Insert into TEAM1.GENRE_T (GENREID,GENRENAME) values (1,'드라마');
Insert into TEAM1.GENRE_T (GENREID,GENRENAME) values (2,'로맨스');
Insert into TEAM1.GENRE_T (GENREID,GENRENAME) values (3,'미스터리');
Insert into TEAM1.GENRE_T (GENREID,GENRENAME) values (4,'뮤지컬');
Insert into TEAM1.GENRE_T (GENREID,GENRENAME) values (5,'에로');
Insert into TEAM1.GENRE_T (GENREID,GENRENAME) values (6,'판타지');
Insert into TEAM1.GENRE_T (GENREID,GENRENAME) values (7,'모험');
Insert into TEAM1.GENRE_T (GENREID,GENRENAME) values (8,'다큐멘터리');
Insert into TEAM1.GENRE_T (GENREID,GENRENAME) values (9,'전쟁');
Insert into TEAM1.GENRE_T (GENREID,GENRENAME) values (10,'SF');
Insert into TEAM1.GENRE_T (GENREID,GENRENAME) values (11,'서부');
Insert into TEAM1.GENRE_T (GENREID,GENRENAME) values (12,'스릴러');
Insert into TEAM1.GENRE_T (GENREID,GENRENAME) values (13,'코미디');
Insert into TEAM1.GENRE_T (GENREID,GENRENAME) values (14,'애니메이션');
Insert into TEAM1.GENRE_T (GENREID,GENRENAME) values (15,'액션');
Insert into TEAM1.GENRE_T (GENREID,GENRENAME) values (16,'공포');
Insert into TEAM1.GENRE_T (GENREID,GENRENAME) values (17,'느와르');
Insert into TEAM1.GENRE_T (GENREID,GENRENAME) values (18,'가족');
Insert into TEAM1.GENRE_T (GENREID,GENRENAME) values (19,'범죄');
Insert into TEAM1.GENRE_T (GENREID,GENRENAME) values (20,'무협');
Insert into TEAM1.GENRE_T (GENREID,GENRENAME) values (21,'예능');
REM INSERTING into TEAM1.GRADE_T
SET DEFINE OFF;
Insert into TEAM1.GRADE_T (GRADEID,GRADENAME) values (19,'19');
Insert into TEAM1.GRADE_T (GRADEID,GRADENAME) values (15,'15');
Insert into TEAM1.GRADE_T (GRADEID,GRADENAME) values (12,'12');
Insert into TEAM1.GRADE_T (GRADEID,GRADENAME) values (7,'7');
Insert into TEAM1.GRADE_T (GRADEID,GRADENAME) values (99,'ALL');
Insert into TEAM1.GRADE_T (GRADEID,GRADENAME) values (1,'te');
Insert into TEAM1.GRADE_T (GRADEID,GRADENAME) values (2,'23');
REM INSERTING into TEAM1.IMG
SET DEFINE OFF;
Insert into TEAM1.IMG (CONTENTSID,IMGNAME) values (1,'KR-NF-1-1');
REM INSERTING into TEAM1.MOVIEFILES
SET DEFINE OFF;
Insert into TEAM1.MOVIEFILES (CONTENSTID,MOVIEIMGFILE,INSERTDATE) values (69,'  ',to_date('21/11/12','RR/MM/DD'));
Insert into TEAM1.MOVIEFILES (CONTENSTID,MOVIEIMGFILE,INSERTDATE) values (96,'/2021/11/10/s_e37d05ed-5752-4e8c-b3d5-58bf5c4c4054_KakaoTalk_20211008_143016931.jpg',to_date('21/11/10','RR/MM/DD'));
Insert into TEAM1.MOVIEFILES (CONTENSTID,MOVIEIMGFILE,INSERTDATE) values (1,'/2021/11/11/KR-NF-1-1.jpg',to_date('21/11/12','RR/MM/DD'));
Insert into TEAM1.MOVIEFILES (CONTENSTID,MOVIEIMGFILE,INSERTDATE) values (2,'/2021/11/11/KR-NF-2-1.jpg',to_date('21/11/12','RR/MM/DD'));
Insert into TEAM1.MOVIEFILES (CONTENSTID,MOVIEIMGFILE,INSERTDATE) values (3,'/2021/11/11/KR-NF-3-1.jpg',to_date('21/11/12','RR/MM/DD'));
Insert into TEAM1.MOVIEFILES (CONTENSTID,MOVIEIMGFILE,INSERTDATE) values (4,'/2021/11/11/KR-NF-4-1.jpg',to_date('21/11/12','RR/MM/DD'));
Insert into TEAM1.MOVIEFILES (CONTENSTID,MOVIEIMGFILE,INSERTDATE) values (5,'/2021/11/11/KR-NF-5-1.jpg',to_date('21/11/12','RR/MM/DD'));
Insert into TEAM1.MOVIEFILES (CONTENSTID,MOVIEIMGFILE,INSERTDATE) values (6,'/2021/11/11/US-NF-6-1.jpg',to_date('21/11/12','RR/MM/DD'));
Insert into TEAM1.MOVIEFILES (CONTENSTID,MOVIEIMGFILE,INSERTDATE) values (7,'/2021/11/11/US-NF-7-1.jpg',to_date('21/11/12','RR/MM/DD'));
Insert into TEAM1.MOVIEFILES (CONTENSTID,MOVIEIMGFILE,INSERTDATE) values (8,'/2021/11/11/KR-NF-8-1.jpg',to_date('21/11/12','RR/MM/DD'));
Insert into TEAM1.MOVIEFILES (CONTENSTID,MOVIEIMGFILE,INSERTDATE) values (9,'/2021/11/11/KR-NF-9-1.jpg',to_date('21/11/12','RR/MM/DD'));
Insert into TEAM1.MOVIEFILES (CONTENSTID,MOVIEIMGFILE,INSERTDATE) values (10,'/2021/11/11/US-NF-10-1.jpg',to_date('21/11/12','RR/MM/DD'));
Insert into TEAM1.MOVIEFILES (CONTENSTID,MOVIEIMGFILE,INSERTDATE) values (11,'/2021/11/11/JP-NF-11-1.jpg',to_date('21/11/12','RR/MM/DD'));
Insert into TEAM1.MOVIEFILES (CONTENSTID,MOVIEIMGFILE,INSERTDATE) values (12,'/2021/11/11/JP-NF-12-1.jpg',to_date('21/11/12','RR/MM/DD'));
Insert into TEAM1.MOVIEFILES (CONTENSTID,MOVIEIMGFILE,INSERTDATE) values (13,'/2021/11/11/JP-NF-13-1.jpg',to_date('21/11/12','RR/MM/DD'));
Insert into TEAM1.MOVIEFILES (CONTENSTID,MOVIEIMGFILE,INSERTDATE) values (14,'/2021/11/11/KR-NF-14-1.jpg',to_date('21/11/12','RR/MM/DD'));
Insert into TEAM1.MOVIEFILES (CONTENSTID,MOVIEIMGFILE,INSERTDATE) values (15,'/2021/11/11/KR-NF-15-1.jpg',to_date('21/11/12','RR/MM/DD'));
Insert into TEAM1.MOVIEFILES (CONTENSTID,MOVIEIMGFILE,INSERTDATE) values (16,'/2021/11/11/KR-NF-16-1.jpg',to_date('21/11/12','RR/MM/DD'));
Insert into TEAM1.MOVIEFILES (CONTENSTID,MOVIEIMGFILE,INSERTDATE) values (17,'/2021/11/11/KR-NF-17-1.jpg',to_date('21/11/12','RR/MM/DD'));
Insert into TEAM1.MOVIEFILES (CONTENSTID,MOVIEIMGFILE,INSERTDATE) values (18,'/2021/11/11/KR-NF-18-1.jpg',to_date('21/11/12','RR/MM/DD'));
Insert into TEAM1.MOVIEFILES (CONTENSTID,MOVIEIMGFILE,INSERTDATE) values (19,'/2021/11/11/KR-NF-19-1.jpg',to_date('21/11/12','RR/MM/DD'));
Insert into TEAM1.MOVIEFILES (CONTENSTID,MOVIEIMGFILE,INSERTDATE) values (20,'/2021/11/11/US-NF-20-1.jpg',to_date('21/11/12','RR/MM/DD'));
Insert into TEAM1.MOVIEFILES (CONTENSTID,MOVIEIMGFILE,INSERTDATE) values (21,'/2021/11/11/JP-NF-21-1.jpg',to_date('21/11/12','RR/MM/DD'));
Insert into TEAM1.MOVIEFILES (CONTENSTID,MOVIEIMGFILE,INSERTDATE) values (22,'/2021/11/11/KR-NF-22-1.jpg',to_date('21/11/12','RR/MM/DD'));
Insert into TEAM1.MOVIEFILES (CONTENSTID,MOVIEIMGFILE,INSERTDATE) values (23,'/2021/11/11/KR-NF-23-1.jpg',to_date('21/11/12','RR/MM/DD'));
Insert into TEAM1.MOVIEFILES (CONTENSTID,MOVIEIMGFILE,INSERTDATE) values (24,'/2021/11/11/KR-NF-24-1.jpg',to_date('21/11/12','RR/MM/DD'));
Insert into TEAM1.MOVIEFILES (CONTENSTID,MOVIEIMGFILE,INSERTDATE) values (25,'/2021/11/11/KR-NF-25-1.jpg',to_date('21/11/12','RR/MM/DD'));
Insert into TEAM1.MOVIEFILES (CONTENSTID,MOVIEIMGFILE,INSERTDATE) values (26,'/2021/11/11/KR-NF-26-1.jpg',to_date('21/11/12','RR/MM/DD'));
Insert into TEAM1.MOVIEFILES (CONTENSTID,MOVIEIMGFILE,INSERTDATE) values (27,'/2021/11/11/US-NF-27-1.jpg',to_date('21/11/12','RR/MM/DD'));
Insert into TEAM1.MOVIEFILES (CONTENSTID,MOVIEIMGFILE,INSERTDATE) values (28,'/2021/11/11/US-NF-28-1.jpg',to_date('21/11/12','RR/MM/DD'));
Insert into TEAM1.MOVIEFILES (CONTENSTID,MOVIEIMGFILE,INSERTDATE) values (29,'/2021/11/11/US-NF-29-1.jpg',to_date('21/11/12','RR/MM/DD'));
Insert into TEAM1.MOVIEFILES (CONTENSTID,MOVIEIMGFILE,INSERTDATE) values (41,'  ',to_date('21/11/12','RR/MM/DD'));
Insert into TEAM1.MOVIEFILES (CONTENSTID,MOVIEIMGFILE,INSERTDATE) values (45,'  ',to_date('21/11/12','RR/MM/DD'));
Insert into TEAM1.MOVIEFILES (CONTENSTID,MOVIEIMGFILE,INSERTDATE) values (46,'  ',to_date('21/11/12','RR/MM/DD'));
Insert into TEAM1.MOVIEFILES (CONTENSTID,MOVIEIMGFILE,INSERTDATE) values (47,'  ',to_date('21/11/12','RR/MM/DD'));
Insert into TEAM1.MOVIEFILES (CONTENSTID,MOVIEIMGFILE,INSERTDATE) values (48,'  ',to_date('21/11/12','RR/MM/DD'));
Insert into TEAM1.MOVIEFILES (CONTENSTID,MOVIEIMGFILE,INSERTDATE) values (49,'  ',to_date('21/11/12','RR/MM/DD'));
Insert into TEAM1.MOVIEFILES (CONTENSTID,MOVIEIMGFILE,INSERTDATE) values (50,'  ',to_date('21/11/12','RR/MM/DD'));
Insert into TEAM1.MOVIEFILES (CONTENSTID,MOVIEIMGFILE,INSERTDATE) values (51,'  ',to_date('21/11/12','RR/MM/DD'));
Insert into TEAM1.MOVIEFILES (CONTENSTID,MOVIEIMGFILE,INSERTDATE) values (52,'  ',to_date('21/11/12','RR/MM/DD'));
Insert into TEAM1.MOVIEFILES (CONTENSTID,MOVIEIMGFILE,INSERTDATE) values (53,'  ',to_date('21/11/12','RR/MM/DD'));
Insert into TEAM1.MOVIEFILES (CONTENSTID,MOVIEIMGFILE,INSERTDATE) values (54,'  ',to_date('21/11/12','RR/MM/DD'));
Insert into TEAM1.MOVIEFILES (CONTENSTID,MOVIEIMGFILE,INSERTDATE) values (55,'  ',to_date('21/11/12','RR/MM/DD'));
Insert into TEAM1.MOVIEFILES (CONTENSTID,MOVIEIMGFILE,INSERTDATE) values (56,'  ',to_date('21/11/12','RR/MM/DD'));
Insert into TEAM1.MOVIEFILES (CONTENSTID,MOVIEIMGFILE,INSERTDATE) values (57,'  ',to_date('21/11/12','RR/MM/DD'));
Insert into TEAM1.MOVIEFILES (CONTENSTID,MOVIEIMGFILE,INSERTDATE) values (58,'  ',to_date('21/11/12','RR/MM/DD'));
Insert into TEAM1.MOVIEFILES (CONTENSTID,MOVIEIMGFILE,INSERTDATE) values (59,'  ',to_date('21/11/12','RR/MM/DD'));
Insert into TEAM1.MOVIEFILES (CONTENSTID,MOVIEIMGFILE,INSERTDATE) values (60,'  ',to_date('21/11/12','RR/MM/DD'));
Insert into TEAM1.MOVIEFILES (CONTENSTID,MOVIEIMGFILE,INSERTDATE) values (61,'  ',to_date('21/11/12','RR/MM/DD'));
Insert into TEAM1.MOVIEFILES (CONTENSTID,MOVIEIMGFILE,INSERTDATE) values (62,'  ',to_date('21/11/12','RR/MM/DD'));
Insert into TEAM1.MOVIEFILES (CONTENSTID,MOVIEIMGFILE,INSERTDATE) values (63,'  ',to_date('21/11/12','RR/MM/DD'));
Insert into TEAM1.MOVIEFILES (CONTENSTID,MOVIEIMGFILE,INSERTDATE) values (64,'  ',to_date('21/11/12','RR/MM/DD'));
Insert into TEAM1.MOVIEFILES (CONTENSTID,MOVIEIMGFILE,INSERTDATE) values (65,'  ',to_date('21/11/12','RR/MM/DD'));
Insert into TEAM1.MOVIEFILES (CONTENSTID,MOVIEIMGFILE,INSERTDATE) values (66,'  ',to_date('21/11/12','RR/MM/DD'));
Insert into TEAM1.MOVIEFILES (CONTENSTID,MOVIEIMGFILE,INSERTDATE) values (67,'  ',to_date('21/11/12','RR/MM/DD'));
Insert into TEAM1.MOVIEFILES (CONTENSTID,MOVIEIMGFILE,INSERTDATE) values (68,'  ',to_date('21/11/12','RR/MM/DD'));
Insert into TEAM1.MOVIEFILES (CONTENSTID,MOVIEIMGFILE,INSERTDATE) values (88,'  ',to_date('21/11/12','RR/MM/DD'));
Insert into TEAM1.MOVIEFILES (CONTENSTID,MOVIEIMGFILE,INSERTDATE) values (89,'  ',to_date('21/11/12','RR/MM/DD'));
Insert into TEAM1.MOVIEFILES (CONTENSTID,MOVIEIMGFILE,INSERTDATE) values (90,'  ',to_date('21/11/12','RR/MM/DD'));
Insert into TEAM1.MOVIEFILES (CONTENSTID,MOVIEIMGFILE,INSERTDATE) values (91,'  ',to_date('21/11/12','RR/MM/DD'));
Insert into TEAM1.MOVIEFILES (CONTENSTID,MOVIEIMGFILE,INSERTDATE) values (97,'  ',to_date('21/11/12','RR/MM/DD'));
Insert into TEAM1.MOVIEFILES (CONTENSTID,MOVIEIMGFILE,INSERTDATE) values (99,'  ',to_date('21/11/12','RR/MM/DD'));
Insert into TEAM1.MOVIEFILES (CONTENSTID,MOVIEIMGFILE,INSERTDATE) values (100,'  ',to_date('21/11/12','RR/MM/DD'));
Insert into TEAM1.MOVIEFILES (CONTENSTID,MOVIEIMGFILE,INSERTDATE) values (101,'  ',to_date('21/11/12','RR/MM/DD'));
Insert into TEAM1.MOVIEFILES (CONTENSTID,MOVIEIMGFILE,INSERTDATE) values (102,'  ',to_date('21/11/12','RR/MM/DD'));
Insert into TEAM1.MOVIEFILES (CONTENSTID,MOVIEIMGFILE,INSERTDATE) values (103,'  ',to_date('21/11/12','RR/MM/DD'));
Insert into TEAM1.MOVIEFILES (CONTENSTID,MOVIEIMGFILE,INSERTDATE) values (104,'  ',to_date('21/11/12','RR/MM/DD'));
Insert into TEAM1.MOVIEFILES (CONTENSTID,MOVIEIMGFILE,INSERTDATE) values (105,'  ',to_date('21/11/12','RR/MM/DD'));
Insert into TEAM1.MOVIEFILES (CONTENSTID,MOVIEIMGFILE,INSERTDATE) values (106,'  ',to_date('21/11/12','RR/MM/DD'));
Insert into TEAM1.MOVIEFILES (CONTENSTID,MOVIEIMGFILE,INSERTDATE) values (300,'  ',to_date('21/11/12','RR/MM/DD'));
Insert into TEAM1.MOVIEFILES (CONTENSTID,MOVIEIMGFILE,INSERTDATE) values (333,'  ',to_date('21/11/12','RR/MM/DD'));
Insert into TEAM1.MOVIEFILES (CONTENSTID,MOVIEIMGFILE,INSERTDATE) values (1004,'  ',to_date('21/11/12','RR/MM/DD'));
REM INSERTING into TEAM1.NATION_T
SET DEFINE OFF;
Insert into TEAM1.NATION_T (NATIONCODE,NATIONNAME) values ('KR','대한민국');
Insert into TEAM1.NATION_T (NATIONCODE,NATIONNAME) values ('US','미국');
Insert into TEAM1.NATION_T (NATIONCODE,NATIONNAME) values ('GB','영국');
Insert into TEAM1.NATION_T (NATIONCODE,NATIONNAME) values ('JP','일본');
REM INSERTING into TEAM1.OTT
SET DEFINE OFF;
Insert into TEAM1.OTT (OTTID,OTTNAME) values (1,'NETFLIX');
Insert into TEAM1.OTT (OTTID,OTTNAME) values (2,'WATCHA');
Insert into TEAM1.OTT (OTTID,OTTNAME) values (3,'WAVVE');
Insert into TEAM1.OTT (OTTID,OTTNAME) values (5,'DISINEY+');
REM INSERTING into TEAM1.REVIEW_T
SET DEFINE OFF;
Insert into TEAM1.REVIEW_T (REVIEWID,USERNUM,CONTENTSID,REVIEWSCORE,REVIEWNATTER,REVIEWDATE) values (7,206,1,1,'재밌어요',to_date('21/11/08','RR/MM/DD'));
Insert into TEAM1.REVIEW_T (REVIEWID,USERNUM,CONTENTSID,REVIEWSCORE,REVIEWNATTER,REVIEWDATE) values (8,206,1,5,'재밌어요',to_date('21/11/08','RR/MM/DD'));
Insert into TEAM1.REVIEW_T (REVIEWID,USERNUM,CONTENTSID,REVIEWSCORE,REVIEWNATTER,REVIEWDATE) values (9,206,1,4,'재밌어요',to_date('21/11/08','RR/MM/DD'));
Insert into TEAM1.REVIEW_T (REVIEWID,USERNUM,CONTENTSID,REVIEWSCORE,REVIEWNATTER,REVIEWDATE) values (4,208,1,3,'재밌어요',to_date('21/11/08','RR/MM/DD'));
Insert into TEAM1.REVIEW_T (REVIEWID,USERNUM,CONTENTSID,REVIEWSCORE,REVIEWNATTER,REVIEWDATE) values (5,208,1,2,'재밌어요',to_date('21/11/08','RR/MM/DD'));
Insert into TEAM1.REVIEW_T (REVIEWID,USERNUM,CONTENTSID,REVIEWSCORE,REVIEWNATTER,REVIEWDATE) values (6,208,1,4,'재밌어요',to_date('21/11/08','RR/MM/DD'));
Insert into TEAM1.REVIEW_T (REVIEWID,USERNUM,CONTENTSID,REVIEWSCORE,REVIEWNATTER,REVIEWDATE) values (16,206,1,4,'test',to_date('21/11/09','RR/MM/DD'));
Insert into TEAM1.REVIEW_T (REVIEWID,USERNUM,CONTENTSID,REVIEWSCORE,REVIEWNATTER,REVIEWDATE) values (17,206,27,4,'재밌어요',to_date('21/11/10','RR/MM/DD'));
Insert into TEAM1.REVIEW_T (REVIEWID,USERNUM,CONTENTSID,REVIEWSCORE,REVIEWNATTER,REVIEWDATE) values (18,206,27,3,'재밌어요',to_date('21/11/10','RR/MM/DD'));
Insert into TEAM1.REVIEW_T (REVIEWID,USERNUM,CONTENTSID,REVIEWSCORE,REVIEWNATTER,REVIEWDATE) values (19,206,27,2,'재밌어요',to_date('21/11/10','RR/MM/DD'));
Insert into TEAM1.REVIEW_T (REVIEWID,USERNUM,CONTENTSID,REVIEWSCORE,REVIEWNATTER,REVIEWDATE) values (20,206,27,5,'재밌어요',to_date('21/11/10','RR/MM/DD'));
Insert into TEAM1.REVIEW_T (REVIEWID,USERNUM,CONTENTSID,REVIEWSCORE,REVIEWNATTER,REVIEWDATE) values (21,206,27,1,'재밌어요',to_date('21/11/10','RR/MM/DD'));
Insert into TEAM1.REVIEW_T (REVIEWID,USERNUM,CONTENTSID,REVIEWSCORE,REVIEWNATTER,REVIEWDATE) values (22,206,27,4,'재밌어요',to_date('21/11/10','RR/MM/DD'));
Insert into TEAM1.REVIEW_T (REVIEWID,USERNUM,CONTENTSID,REVIEWSCORE,REVIEWNATTER,REVIEWDATE) values (23,206,27,3,'재밌어요',to_date('21/11/10','RR/MM/DD'));
Insert into TEAM1.REVIEW_T (REVIEWID,USERNUM,CONTENTSID,REVIEWSCORE,REVIEWNATTER,REVIEWDATE) values (24,206,27,1,'재밌어요',to_date('21/11/10','RR/MM/DD'));
Insert into TEAM1.REVIEW_T (REVIEWID,USERNUM,CONTENTSID,REVIEWSCORE,REVIEWNATTER,REVIEWDATE) values (25,206,27,3,'재밌어요',to_date('21/11/10','RR/MM/DD'));
Insert into TEAM1.REVIEW_T (REVIEWID,USERNUM,CONTENTSID,REVIEWSCORE,REVIEWNATTER,REVIEWDATE) values (26,206,27,2,'재밌어요',to_date('21/11/10','RR/MM/DD'));
Insert into TEAM1.REVIEW_T (REVIEWID,USERNUM,CONTENTSID,REVIEWSCORE,REVIEWNATTER,REVIEWDATE) values (27,206,21,0,'재밌어요',to_date('21/11/10','RR/MM/DD'));
Insert into TEAM1.REVIEW_T (REVIEWID,USERNUM,CONTENTSID,REVIEWSCORE,REVIEWNATTER,REVIEWDATE) values (36,204,22,null,'중~~~~~',to_date('21/11/11','RR/MM/DD'));
Insert into TEAM1.REVIEW_T (REVIEWID,USERNUM,CONTENTSID,REVIEWSCORE,REVIEWNATTER,REVIEWDATE) values (41,204,27,null,'루시퍼개노잼테스트',to_date('21/11/11','RR/MM/DD'));
Insert into TEAM1.REVIEW_T (REVIEWID,USERNUM,CONTENTSID,REVIEWSCORE,REVIEWNATTER,REVIEWDATE) values (42,204,27,null,'루시퍼개노잼테스트O~~~~~',to_date('21/11/11','RR/MM/DD'));
Insert into TEAM1.REVIEW_T (REVIEWID,USERNUM,CONTENTSID,REVIEWSCORE,REVIEWNATTER,REVIEWDATE) values (43,204,1,null,'오겜테스트애ㅔ요
ㅇㅇㅇㄹㅇㄹㅇㄹ',to_date('21/11/11','RR/MM/DD'));
Insert into TEAM1.REVIEW_T (REVIEWID,USERNUM,CONTENTSID,REVIEWSCORE,REVIEWNATTER,REVIEWDATE) values (44,204,1,null,'오겜테스트애ㅔ요
ㅇㅇㅇㄹㅇㄹㅇㄹ',to_date('21/11/11','RR/MM/DD'));
Insert into TEAM1.REVIEW_T (REVIEWID,USERNUM,CONTENTSID,REVIEWSCORE,REVIEWNATTER,REVIEWDATE) values (45,204,15,null,'아저씨아저끼~~~~',to_date('21/11/11','RR/MM/DD'));
Insert into TEAM1.REVIEW_T (REVIEWID,USERNUM,CONTENTSID,REVIEWSCORE,REVIEWNATTER,REVIEWDATE) values (47,204,27,null,'루시퍼노잼노잼노잼',to_date('21/11/11','RR/MM/DD'));
Insert into TEAM1.REVIEW_T (REVIEWID,USERNUM,CONTENTSID,REVIEWSCORE,REVIEWNATTER,REVIEWDATE) values (48,204,7,null,'인턴테스트@@@@@',to_date('21/11/11','RR/MM/DD'));
Insert into TEAM1.REVIEW_T (REVIEWID,USERNUM,CONTENTSID,REVIEWSCORE,REVIEWNATTER,REVIEWDATE) values (49,204,1,null,'옹징어게임이ㅣㅇ이ㅣㅇㅇ',to_date('21/11/11','RR/MM/DD'));
Insert into TEAM1.REVIEW_T (REVIEWID,USERNUM,CONTENTSID,REVIEWSCORE,REVIEWNATTER,REVIEWDATE) values (50,204,2,null,'ㅅㄷㅅㄴㅅㅅ',to_date('21/11/11','RR/MM/DD'));
Insert into TEAM1.REVIEW_T (REVIEWID,USERNUM,CONTENTSID,REVIEWSCORE,REVIEWNATTER,REVIEWDATE) values (51,204,2,null,'ㅅㄷㅅㄴㅅㅅ',to_date('21/11/11','RR/MM/DD'));
Insert into TEAM1.REVIEW_T (REVIEWID,USERNUM,CONTENTSID,REVIEWSCORE,REVIEWNATTER,REVIEWDATE) values (52,204,2,null,'ㅅㄷㅅㄴㅅㅅ',to_date('21/11/11','RR/MM/DD'));
Insert into TEAM1.REVIEW_T (REVIEWID,USERNUM,CONTENTSID,REVIEWSCORE,REVIEWNATTER,REVIEWDATE) values (53,204,21,null,'또라이 같은 애니메이션',to_date('21/11/11','RR/MM/DD'));
Insert into TEAM1.REVIEW_T (REVIEWID,USERNUM,CONTENTSID,REVIEWSCORE,REVIEWNATTER,REVIEWDATE) values (54,204,21,null,'또라이 같은 애니메이션',to_date('21/11/11','RR/MM/DD'));
Insert into TEAM1.REVIEW_T (REVIEWID,USERNUM,CONTENTSID,REVIEWSCORE,REVIEWNATTER,REVIEWDATE) values (55,204,21,null,'또라이 같은 애니메이션',to_date('21/11/11','RR/MM/DD'));
Insert into TEAM1.REVIEW_T (REVIEWID,USERNUM,CONTENTSID,REVIEWSCORE,REVIEWNATTER,REVIEWDATE) values (56,204,3,null,'hyohyo',to_date('21/11/11','RR/MM/DD'));
Insert into TEAM1.REVIEW_T (REVIEWID,USERNUM,CONTENTSID,REVIEWSCORE,REVIEWNATTER,REVIEWDATE) values (57,204,3,null,'hyohyo',to_date('21/11/11','RR/MM/DD'));
Insert into TEAM1.REVIEW_T (REVIEWID,USERNUM,CONTENTSID,REVIEWSCORE,REVIEWNATTER,REVIEWDATE) values (58,204,3,null,'testtttt',to_date('21/11/11','RR/MM/DD'));
Insert into TEAM1.REVIEW_T (REVIEWID,USERNUM,CONTENTSID,REVIEWSCORE,REVIEWNATTER,REVIEWDATE) values (59,204,3,null,'testtttt',to_date('21/11/11','RR/MM/DD'));
Insert into TEAM1.REVIEW_T (REVIEWID,USERNUM,CONTENTSID,REVIEWSCORE,REVIEWNATTER,REVIEWDATE) values (60,204,3,null,'ttetetet',to_date('21/11/11','RR/MM/DD'));
Insert into TEAM1.REVIEW_T (REVIEWID,USERNUM,CONTENTSID,REVIEWSCORE,REVIEWNATTER,REVIEWDATE) values (61,204,3,null,'테스트용테스트용',to_date('21/11/11','RR/MM/DD'));
Insert into TEAM1.REVIEW_T (REVIEWID,USERNUM,CONTENTSID,REVIEWSCORE,REVIEWNATTER,REVIEWDATE) values (62,204,15,null,'아조씨아조씨',to_date('21/11/11','RR/MM/DD'));
Insert into TEAM1.REVIEW_T (REVIEWID,USERNUM,CONTENTSID,REVIEWSCORE,REVIEWNATTER,REVIEWDATE) values (63,204,2,null,'너무너무재미써용',to_date('21/11/11','RR/MM/DD'));
Insert into TEAM1.REVIEW_T (REVIEWID,USERNUM,CONTENTSID,REVIEWSCORE,REVIEWNATTER,REVIEWDATE) values (64,204,27,null,'루시퍼가모야~~~',to_date('21/11/11','RR/MM/DD'));
Insert into TEAM1.REVIEW_T (REVIEWID,USERNUM,CONTENTSID,REVIEWSCORE,REVIEWNATTER,REVIEWDATE) values (65,204,2,null,'testtttttt',to_date('21/11/11','RR/MM/DD'));
Insert into TEAM1.REVIEW_T (REVIEWID,USERNUM,CONTENTSID,REVIEWSCORE,REVIEWNATTER,REVIEWDATE) values (66,204,15,null,'DPDPDPDP',to_date('21/11/11','RR/MM/DD'));
Insert into TEAM1.REVIEW_T (REVIEWID,USERNUM,CONTENTSID,REVIEWSCORE,REVIEWNATTER,REVIEWDATE) values (67,204,15,null,'DODODODODOOD',to_date('21/11/11','RR/MM/DD'));
Insert into TEAM1.REVIEW_T (REVIEWID,USERNUM,CONTENTSID,REVIEWSCORE,REVIEWNATTER,REVIEWDATE) values (68,212,1,3,'test용 댓글',to_date('21/11/11','RR/MM/DD'));
Insert into TEAM1.REVIEW_T (REVIEWID,USERNUM,CONTENTSID,REVIEWSCORE,REVIEWNATTER,REVIEWDATE) values (69,212,2,4,'test용 댓글',to_date('21/11/11','RR/MM/DD'));
Insert into TEAM1.REVIEW_T (REVIEWID,USERNUM,CONTENTSID,REVIEWSCORE,REVIEWNATTER,REVIEWDATE) values (70,212,3,1,'test용 댓글',to_date('21/11/11','RR/MM/DD'));
Insert into TEAM1.REVIEW_T (REVIEWID,USERNUM,CONTENTSID,REVIEWSCORE,REVIEWNATTER,REVIEWDATE) values (71,212,4,2,'test용 댓글',to_date('21/11/11','RR/MM/DD'));
Insert into TEAM1.REVIEW_T (REVIEWID,USERNUM,CONTENTSID,REVIEWSCORE,REVIEWNATTER,REVIEWDATE) values (72,212,5,5,'test용 댓글',to_date('21/11/11','RR/MM/DD'));
Insert into TEAM1.REVIEW_T (REVIEWID,USERNUM,CONTENTSID,REVIEWSCORE,REVIEWNATTER,REVIEWDATE) values (73,212,6,4,'test용 댓글',to_date('21/11/11','RR/MM/DD'));
Insert into TEAM1.REVIEW_T (REVIEWID,USERNUM,CONTENTSID,REVIEWSCORE,REVIEWNATTER,REVIEWDATE) values (74,212,7,1,'test용 댓글',to_date('21/11/11','RR/MM/DD'));
Insert into TEAM1.REVIEW_T (REVIEWID,USERNUM,CONTENTSID,REVIEWSCORE,REVIEWNATTER,REVIEWDATE) values (75,212,8,2,'test용 댓글',to_date('21/11/11','RR/MM/DD'));
Insert into TEAM1.REVIEW_T (REVIEWID,USERNUM,CONTENTSID,REVIEWSCORE,REVIEWNATTER,REVIEWDATE) values (76,212,9,5,'test용 댓글',to_date('21/11/11','RR/MM/DD'));
Insert into TEAM1.REVIEW_T (REVIEWID,USERNUM,CONTENTSID,REVIEWSCORE,REVIEWNATTER,REVIEWDATE) values (77,212,10,4,'test용 댓글',to_date('21/11/11','RR/MM/DD'));
Insert into TEAM1.REVIEW_T (REVIEWID,USERNUM,CONTENTSID,REVIEWSCORE,REVIEWNATTER,REVIEWDATE) values (78,212,11,1,'test용 댓글',to_date('21/11/11','RR/MM/DD'));
Insert into TEAM1.REVIEW_T (REVIEWID,USERNUM,CONTENTSID,REVIEWSCORE,REVIEWNATTER,REVIEWDATE) values (79,212,12,2,'test용 댓글',to_date('21/11/11','RR/MM/DD'));
Insert into TEAM1.REVIEW_T (REVIEWID,USERNUM,CONTENTSID,REVIEWSCORE,REVIEWNATTER,REVIEWDATE) values (80,212,13,3,'test용 댓글',to_date('21/11/11','RR/MM/DD'));
Insert into TEAM1.REVIEW_T (REVIEWID,USERNUM,CONTENTSID,REVIEWSCORE,REVIEWNATTER,REVIEWDATE) values (81,212,14,2,'test용 댓글',to_date('21/11/11','RR/MM/DD'));
Insert into TEAM1.REVIEW_T (REVIEWID,USERNUM,CONTENTSID,REVIEWSCORE,REVIEWNATTER,REVIEWDATE) values (82,212,15,1,'test용 댓글',to_date('21/11/11','RR/MM/DD'));
Insert into TEAM1.REVIEW_T (REVIEWID,USERNUM,CONTENTSID,REVIEWSCORE,REVIEWNATTER,REVIEWDATE) values (83,212,16,5,'test용 댓글',to_date('21/11/11','RR/MM/DD'));
Insert into TEAM1.REVIEW_T (REVIEWID,USERNUM,CONTENTSID,REVIEWSCORE,REVIEWNATTER,REVIEWDATE) values (84,212,17,2,'test용 댓글',to_date('21/11/11','RR/MM/DD'));
Insert into TEAM1.REVIEW_T (REVIEWID,USERNUM,CONTENTSID,REVIEWSCORE,REVIEWNATTER,REVIEWDATE) values (85,212,18,2,'test용 댓글',to_date('21/11/11','RR/MM/DD'));
Insert into TEAM1.REVIEW_T (REVIEWID,USERNUM,CONTENTSID,REVIEWSCORE,REVIEWNATTER,REVIEWDATE) values (86,212,19,3,'test용 댓글',to_date('21/11/11','RR/MM/DD'));
Insert into TEAM1.REVIEW_T (REVIEWID,USERNUM,CONTENTSID,REVIEWSCORE,REVIEWNATTER,REVIEWDATE) values (87,212,20,1,'test용 댓글',to_date('21/11/11','RR/MM/DD'));
Insert into TEAM1.REVIEW_T (REVIEWID,USERNUM,CONTENTSID,REVIEWSCORE,REVIEWNATTER,REVIEWDATE) values (88,212,21,1,'test용 댓글',to_date('21/11/11','RR/MM/DD'));
Insert into TEAM1.REVIEW_T (REVIEWID,USERNUM,CONTENTSID,REVIEWSCORE,REVIEWNATTER,REVIEWDATE) values (89,212,22,2,'test용 댓글',to_date('21/11/11','RR/MM/DD'));
Insert into TEAM1.REVIEW_T (REVIEWID,USERNUM,CONTENTSID,REVIEWSCORE,REVIEWNATTER,REVIEWDATE) values (90,212,23,3,'test용 댓글',to_date('21/11/11','RR/MM/DD'));
Insert into TEAM1.REVIEW_T (REVIEWID,USERNUM,CONTENTSID,REVIEWSCORE,REVIEWNATTER,REVIEWDATE) values (91,212,24,1,'test용 댓글',to_date('21/11/11','RR/MM/DD'));
Insert into TEAM1.REVIEW_T (REVIEWID,USERNUM,CONTENTSID,REVIEWSCORE,REVIEWNATTER,REVIEWDATE) values (92,212,25,5,'test용 댓글',to_date('21/11/11','RR/MM/DD'));
Insert into TEAM1.REVIEW_T (REVIEWID,USERNUM,CONTENTSID,REVIEWSCORE,REVIEWNATTER,REVIEWDATE) values (93,212,26,4,'test용 댓글',to_date('21/11/11','RR/MM/DD'));
Insert into TEAM1.REVIEW_T (REVIEWID,USERNUM,CONTENTSID,REVIEWSCORE,REVIEWNATTER,REVIEWDATE) values (94,212,27,1,'test용 댓글',to_date('21/11/11','RR/MM/DD'));
Insert into TEAM1.REVIEW_T (REVIEWID,USERNUM,CONTENTSID,REVIEWSCORE,REVIEWNATTER,REVIEWDATE) values (95,212,28,2,'test용 댓글',to_date('21/11/11','RR/MM/DD'));
Insert into TEAM1.REVIEW_T (REVIEWID,USERNUM,CONTENTSID,REVIEWSCORE,REVIEWNATTER,REVIEWDATE) values (96,212,29,3,'test용 댓글',to_date('21/11/11','RR/MM/DD'));
Insert into TEAM1.REVIEW_T (REVIEWID,USERNUM,CONTENTSID,REVIEWSCORE,REVIEWNATTER,REVIEWDATE) values (108,212,41,3,'test용 댓글',to_date('21/11/11','RR/MM/DD'));
Insert into TEAM1.REVIEW_T (REVIEWID,USERNUM,CONTENTSID,REVIEWSCORE,REVIEWNATTER,REVIEWDATE) values (112,212,45,2,'test용 댓글',to_date('21/11/11','RR/MM/DD'));
Insert into TEAM1.REVIEW_T (REVIEWID,USERNUM,CONTENTSID,REVIEWSCORE,REVIEWNATTER,REVIEWDATE) values (113,212,46,3,'test용 댓글',to_date('21/11/11','RR/MM/DD'));
Insert into TEAM1.REVIEW_T (REVIEWID,USERNUM,CONTENTSID,REVIEWSCORE,REVIEWNATTER,REVIEWDATE) values (114,212,47,5,'test용 댓글',to_date('21/11/11','RR/MM/DD'));
Insert into TEAM1.REVIEW_T (REVIEWID,USERNUM,CONTENTSID,REVIEWSCORE,REVIEWNATTER,REVIEWDATE) values (115,212,48,4,'test용 댓글',to_date('21/11/11','RR/MM/DD'));
Insert into TEAM1.REVIEW_T (REVIEWID,USERNUM,CONTENTSID,REVIEWSCORE,REVIEWNATTER,REVIEWDATE) values (116,212,49,1,'test용 댓글',to_date('21/11/11','RR/MM/DD'));
Insert into TEAM1.REVIEW_T (REVIEWID,USERNUM,CONTENTSID,REVIEWSCORE,REVIEWNATTER,REVIEWDATE) values (117,212,50,2,'test용 댓글',to_date('21/11/11','RR/MM/DD'));
Insert into TEAM1.REVIEW_T (REVIEWID,USERNUM,CONTENTSID,REVIEWSCORE,REVIEWNATTER,REVIEWDATE) values (118,212,51,3,'test용 댓글',to_date('21/11/11','RR/MM/DD'));
Insert into TEAM1.REVIEW_T (REVIEWID,USERNUM,CONTENTSID,REVIEWSCORE,REVIEWNATTER,REVIEWDATE) values (119,212,52,5,'test용 댓글',to_date('21/11/11','RR/MM/DD'));
Insert into TEAM1.REVIEW_T (REVIEWID,USERNUM,CONTENTSID,REVIEWSCORE,REVIEWNATTER,REVIEWDATE) values (120,212,53,4,'test용 댓글',to_date('21/11/11','RR/MM/DD'));
Insert into TEAM1.REVIEW_T (REVIEWID,USERNUM,CONTENTSID,REVIEWSCORE,REVIEWNATTER,REVIEWDATE) values (121,212,54,1,'test용 댓글',to_date('21/11/11','RR/MM/DD'));
Insert into TEAM1.REVIEW_T (REVIEWID,USERNUM,CONTENTSID,REVIEWSCORE,REVIEWNATTER,REVIEWDATE) values (122,212,55,2,'test용 댓글',to_date('21/11/11','RR/MM/DD'));
Insert into TEAM1.REVIEW_T (REVIEWID,USERNUM,CONTENTSID,REVIEWSCORE,REVIEWNATTER,REVIEWDATE) values (123,212,56,3,'test용 댓글',to_date('21/11/11','RR/MM/DD'));
Insert into TEAM1.REVIEW_T (REVIEWID,USERNUM,CONTENTSID,REVIEWSCORE,REVIEWNATTER,REVIEWDATE) values (124,212,57,1,'test용 댓글',to_date('21/11/11','RR/MM/DD'));
Insert into TEAM1.REVIEW_T (REVIEWID,USERNUM,CONTENTSID,REVIEWSCORE,REVIEWNATTER,REVIEWDATE) values (125,212,58,5,'test용 댓글',to_date('21/11/11','RR/MM/DD'));
Insert into TEAM1.REVIEW_T (REVIEWID,USERNUM,CONTENTSID,REVIEWSCORE,REVIEWNATTER,REVIEWDATE) values (126,212,59,4,'test용 댓글',to_date('21/11/11','RR/MM/DD'));
Insert into TEAM1.REVIEW_T (REVIEWID,USERNUM,CONTENTSID,REVIEWSCORE,REVIEWNATTER,REVIEWDATE) values (127,212,60,1,'test용 댓글',to_date('21/11/11','RR/MM/DD'));
Insert into TEAM1.REVIEW_T (REVIEWID,USERNUM,CONTENTSID,REVIEWSCORE,REVIEWNATTER,REVIEWDATE) values (128,212,61,1,'test용 댓글',to_date('21/11/11','RR/MM/DD'));
Insert into TEAM1.REVIEW_T (REVIEWID,USERNUM,CONTENTSID,REVIEWSCORE,REVIEWNATTER,REVIEWDATE) values (129,212,62,2,'test용 댓글',to_date('21/11/11','RR/MM/DD'));
Insert into TEAM1.REVIEW_T (REVIEWID,USERNUM,CONTENTSID,REVIEWSCORE,REVIEWNATTER,REVIEWDATE) values (130,212,63,4,'test용 댓글',to_date('21/11/11','RR/MM/DD'));
Insert into TEAM1.REVIEW_T (REVIEWID,USERNUM,CONTENTSID,REVIEWSCORE,REVIEWNATTER,REVIEWDATE) values (131,212,64,1,'test용 댓글',to_date('21/11/11','RR/MM/DD'));
Insert into TEAM1.REVIEW_T (REVIEWID,USERNUM,CONTENTSID,REVIEWSCORE,REVIEWNATTER,REVIEWDATE) values (132,212,65,5,'test용 댓글',to_date('21/11/11','RR/MM/DD'));
Insert into TEAM1.REVIEW_T (REVIEWID,USERNUM,CONTENTSID,REVIEWSCORE,REVIEWNATTER,REVIEWDATE) values (133,212,66,4,'test용 댓글',to_date('21/11/11','RR/MM/DD'));
Insert into TEAM1.REVIEW_T (REVIEWID,USERNUM,CONTENTSID,REVIEWSCORE,REVIEWNATTER,REVIEWDATE) values (134,212,67,2,'test용 댓글',to_date('21/11/11','RR/MM/DD'));
Insert into TEAM1.REVIEW_T (REVIEWID,USERNUM,CONTENTSID,REVIEWSCORE,REVIEWNATTER,REVIEWDATE) values (135,212,68,3,'test용 댓글',to_date('21/11/11','RR/MM/DD'));
Insert into TEAM1.REVIEW_T (REVIEWID,USERNUM,CONTENTSID,REVIEWSCORE,REVIEWNATTER,REVIEWDATE) values (136,212,69,2,'test용 댓글',to_date('21/11/11','RR/MM/DD'));
Insert into TEAM1.REVIEW_T (REVIEWID,USERNUM,CONTENTSID,REVIEWSCORE,REVIEWNATTER,REVIEWDATE) values (155,212,88,3,'test용 댓글',to_date('21/11/11','RR/MM/DD'));
Insert into TEAM1.REVIEW_T (REVIEWID,USERNUM,CONTENTSID,REVIEWSCORE,REVIEWNATTER,REVIEWDATE) values (156,212,89,4,'test용 댓글',to_date('21/11/11','RR/MM/DD'));
Insert into TEAM1.REVIEW_T (REVIEWID,USERNUM,CONTENTSID,REVIEWSCORE,REVIEWNATTER,REVIEWDATE) values (157,212,90,1,'test용 댓글',to_date('21/11/11','RR/MM/DD'));
Insert into TEAM1.REVIEW_T (REVIEWID,USERNUM,CONTENTSID,REVIEWSCORE,REVIEWNATTER,REVIEWDATE) values (158,212,91,2,'test용 댓글',to_date('21/11/11','RR/MM/DD'));
Insert into TEAM1.REVIEW_T (REVIEWID,USERNUM,CONTENTSID,REVIEWSCORE,REVIEWNATTER,REVIEWDATE) values (164,212,97,3,'test용 댓글',to_date('21/11/11','RR/MM/DD'));
Insert into TEAM1.REVIEW_T (REVIEWID,USERNUM,CONTENTSID,REVIEWSCORE,REVIEWNATTER,REVIEWDATE) values (166,212,99,1,'test용 댓글',to_date('21/11/11','RR/MM/DD'));
Insert into TEAM1.REVIEW_T (REVIEWID,USERNUM,CONTENTSID,REVIEWSCORE,REVIEWNATTER,REVIEWDATE) values (167,212,100,3,'test용 댓글',to_date('21/11/11','RR/MM/DD'));
Insert into TEAM1.REVIEW_T (REVIEWID,USERNUM,CONTENTSID,REVIEWSCORE,REVIEWNATTER,REVIEWDATE) values (168,212,101,1,'test용 댓글',to_date('21/11/11','RR/MM/DD'));
Insert into TEAM1.REVIEW_T (REVIEWID,USERNUM,CONTENTSID,REVIEWSCORE,REVIEWNATTER,REVIEWDATE) values (169,212,102,2,'test용 댓글',to_date('21/11/11','RR/MM/DD'));
Insert into TEAM1.REVIEW_T (REVIEWID,USERNUM,CONTENTSID,REVIEWSCORE,REVIEWNATTER,REVIEWDATE) values (170,212,103,3,'test용 댓글',to_date('21/11/11','RR/MM/DD'));
Insert into TEAM1.REVIEW_T (REVIEWID,USERNUM,CONTENTSID,REVIEWSCORE,REVIEWNATTER,REVIEWDATE) values (171,212,104,3,'test용 댓글',to_date('21/11/11','RR/MM/DD'));
Insert into TEAM1.REVIEW_T (REVIEWID,USERNUM,CONTENTSID,REVIEWSCORE,REVIEWNATTER,REVIEWDATE) values (172,212,105,1,'test용 댓글',to_date('21/11/11','RR/MM/DD'));
Insert into TEAM1.REVIEW_T (REVIEWID,USERNUM,CONTENTSID,REVIEWSCORE,REVIEWNATTER,REVIEWDATE) values (173,212,106,5,'test용 댓글',to_date('21/11/11','RR/MM/DD'));
Insert into TEAM1.REVIEW_T (REVIEWID,USERNUM,CONTENTSID,REVIEWSCORE,REVIEWNATTER,REVIEWDATE) values (174,212,1,4,'test용 댓글',to_date('21/11/11','RR/MM/DD'));
Insert into TEAM1.REVIEW_T (REVIEWID,USERNUM,CONTENTSID,REVIEWSCORE,REVIEWNATTER,REVIEWDATE) values (175,212,2,5,'test용 댓글',to_date('21/11/11','RR/MM/DD'));
Insert into TEAM1.REVIEW_T (REVIEWID,USERNUM,CONTENTSID,REVIEWSCORE,REVIEWNATTER,REVIEWDATE) values (176,212,3,5,'test용 댓글',to_date('21/11/11','RR/MM/DD'));
Insert into TEAM1.REVIEW_T (REVIEWID,USERNUM,CONTENTSID,REVIEWSCORE,REVIEWNATTER,REVIEWDATE) values (177,212,4,2,'test용 댓글',to_date('21/11/11','RR/MM/DD'));
Insert into TEAM1.REVIEW_T (REVIEWID,USERNUM,CONTENTSID,REVIEWSCORE,REVIEWNATTER,REVIEWDATE) values (178,212,5,1,'test용 댓글',to_date('21/11/11','RR/MM/DD'));
Insert into TEAM1.REVIEW_T (REVIEWID,USERNUM,CONTENTSID,REVIEWSCORE,REVIEWNATTER,REVIEWDATE) values (179,212,6,4,'test용 댓글',to_date('21/11/11','RR/MM/DD'));
Insert into TEAM1.REVIEW_T (REVIEWID,USERNUM,CONTENTSID,REVIEWSCORE,REVIEWNATTER,REVIEWDATE) values (180,212,7,4,'test용 댓글',to_date('21/11/11','RR/MM/DD'));
Insert into TEAM1.REVIEW_T (REVIEWID,USERNUM,CONTENTSID,REVIEWSCORE,REVIEWNATTER,REVIEWDATE) values (181,212,8,2,'test용 댓글',to_date('21/11/11','RR/MM/DD'));
Insert into TEAM1.REVIEW_T (REVIEWID,USERNUM,CONTENTSID,REVIEWSCORE,REVIEWNATTER,REVIEWDATE) values (182,212,9,5,'test용 댓글',to_date('21/11/11','RR/MM/DD'));
Insert into TEAM1.REVIEW_T (REVIEWID,USERNUM,CONTENTSID,REVIEWSCORE,REVIEWNATTER,REVIEWDATE) values (183,212,10,3,'test용 댓글',to_date('21/11/11','RR/MM/DD'));
Insert into TEAM1.REVIEW_T (REVIEWID,USERNUM,CONTENTSID,REVIEWSCORE,REVIEWNATTER,REVIEWDATE) values (184,212,11,4,'test용 댓글',to_date('21/11/11','RR/MM/DD'));
Insert into TEAM1.REVIEW_T (REVIEWID,USERNUM,CONTENTSID,REVIEWSCORE,REVIEWNATTER,REVIEWDATE) values (185,212,12,2,'test용 댓글',to_date('21/11/11','RR/MM/DD'));
Insert into TEAM1.REVIEW_T (REVIEWID,USERNUM,CONTENTSID,REVIEWSCORE,REVIEWNATTER,REVIEWDATE) values (186,212,13,1,'test용 댓글',to_date('21/11/11','RR/MM/DD'));
Insert into TEAM1.REVIEW_T (REVIEWID,USERNUM,CONTENTSID,REVIEWSCORE,REVIEWNATTER,REVIEWDATE) values (187,212,14,2,'test용 댓글',to_date('21/11/11','RR/MM/DD'));
Insert into TEAM1.REVIEW_T (REVIEWID,USERNUM,CONTENTSID,REVIEWSCORE,REVIEWNATTER,REVIEWDATE) values (188,212,15,3,'test용 댓글',to_date('21/11/11','RR/MM/DD'));
Insert into TEAM1.REVIEW_T (REVIEWID,USERNUM,CONTENTSID,REVIEWSCORE,REVIEWNATTER,REVIEWDATE) values (189,212,16,4,'test용 댓글',to_date('21/11/11','RR/MM/DD'));
Insert into TEAM1.REVIEW_T (REVIEWID,USERNUM,CONTENTSID,REVIEWSCORE,REVIEWNATTER,REVIEWDATE) values (190,212,17,3,'test용 댓글',to_date('21/11/11','RR/MM/DD'));
Insert into TEAM1.REVIEW_T (REVIEWID,USERNUM,CONTENTSID,REVIEWSCORE,REVIEWNATTER,REVIEWDATE) values (191,212,18,1,'test용 댓글',to_date('21/11/11','RR/MM/DD'));
Insert into TEAM1.REVIEW_T (REVIEWID,USERNUM,CONTENTSID,REVIEWSCORE,REVIEWNATTER,REVIEWDATE) values (192,212,19,5,'test용 댓글',to_date('21/11/11','RR/MM/DD'));
Insert into TEAM1.REVIEW_T (REVIEWID,USERNUM,CONTENTSID,REVIEWSCORE,REVIEWNATTER,REVIEWDATE) values (193,212,20,3,'test용 댓글',to_date('21/11/11','RR/MM/DD'));
Insert into TEAM1.REVIEW_T (REVIEWID,USERNUM,CONTENTSID,REVIEWSCORE,REVIEWNATTER,REVIEWDATE) values (194,212,21,4,'test용 댓글',to_date('21/11/11','RR/MM/DD'));
Insert into TEAM1.REVIEW_T (REVIEWID,USERNUM,CONTENTSID,REVIEWSCORE,REVIEWNATTER,REVIEWDATE) values (195,212,22,3,'test용 댓글',to_date('21/11/11','RR/MM/DD'));
Insert into TEAM1.REVIEW_T (REVIEWID,USERNUM,CONTENTSID,REVIEWSCORE,REVIEWNATTER,REVIEWDATE) values (196,212,23,2,'test용 댓글',to_date('21/11/11','RR/MM/DD'));
Insert into TEAM1.REVIEW_T (REVIEWID,USERNUM,CONTENTSID,REVIEWSCORE,REVIEWNATTER,REVIEWDATE) values (197,212,24,1,'test용 댓글',to_date('21/11/11','RR/MM/DD'));
Insert into TEAM1.REVIEW_T (REVIEWID,USERNUM,CONTENTSID,REVIEWSCORE,REVIEWNATTER,REVIEWDATE) values (198,212,25,4,'test용 댓글',to_date('21/11/11','RR/MM/DD'));
Insert into TEAM1.REVIEW_T (REVIEWID,USERNUM,CONTENTSID,REVIEWSCORE,REVIEWNATTER,REVIEWDATE) values (199,212,26,4,'test용 댓글',to_date('21/11/11','RR/MM/DD'));
Insert into TEAM1.REVIEW_T (REVIEWID,USERNUM,CONTENTSID,REVIEWSCORE,REVIEWNATTER,REVIEWDATE) values (200,212,27,3,'test용 댓글',to_date('21/11/11','RR/MM/DD'));
Insert into TEAM1.REVIEW_T (REVIEWID,USERNUM,CONTENTSID,REVIEWSCORE,REVIEWNATTER,REVIEWDATE) values (201,212,28,2,'test용 댓글',to_date('21/11/11','RR/MM/DD'));
Insert into TEAM1.REVIEW_T (REVIEWID,USERNUM,CONTENTSID,REVIEWSCORE,REVIEWNATTER,REVIEWDATE) values (202,212,29,2,'test용 댓글',to_date('21/11/11','RR/MM/DD'));
Insert into TEAM1.REVIEW_T (REVIEWID,USERNUM,CONTENTSID,REVIEWSCORE,REVIEWNATTER,REVIEWDATE) values (214,212,41,3,'test용 댓글',to_date('21/11/11','RR/MM/DD'));
Insert into TEAM1.REVIEW_T (REVIEWID,USERNUM,CONTENTSID,REVIEWSCORE,REVIEWNATTER,REVIEWDATE) values (218,212,45,1,'test용 댓글',to_date('21/11/11','RR/MM/DD'));
Insert into TEAM1.REVIEW_T (REVIEWID,USERNUM,CONTENTSID,REVIEWSCORE,REVIEWNATTER,REVIEWDATE) values (219,212,46,4,'test용 댓글',to_date('21/11/11','RR/MM/DD'));
Insert into TEAM1.REVIEW_T (REVIEWID,USERNUM,CONTENTSID,REVIEWSCORE,REVIEWNATTER,REVIEWDATE) values (220,212,47,1,'test용 댓글',to_date('21/11/11','RR/MM/DD'));
Insert into TEAM1.REVIEW_T (REVIEWID,USERNUM,CONTENTSID,REVIEWSCORE,REVIEWNATTER,REVIEWDATE) values (221,212,48,5,'test용 댓글',to_date('21/11/11','RR/MM/DD'));
Insert into TEAM1.REVIEW_T (REVIEWID,USERNUM,CONTENTSID,REVIEWSCORE,REVIEWNATTER,REVIEWDATE) values (222,212,49,3,'test용 댓글',to_date('21/11/11','RR/MM/DD'));
Insert into TEAM1.REVIEW_T (REVIEWID,USERNUM,CONTENTSID,REVIEWSCORE,REVIEWNATTER,REVIEWDATE) values (223,212,50,1,'test용 댓글',to_date('21/11/11','RR/MM/DD'));
Insert into TEAM1.REVIEW_T (REVIEWID,USERNUM,CONTENTSID,REVIEWSCORE,REVIEWNATTER,REVIEWDATE) values (224,212,51,1,'test용 댓글',to_date('21/11/11','RR/MM/DD'));
Insert into TEAM1.REVIEW_T (REVIEWID,USERNUM,CONTENTSID,REVIEWSCORE,REVIEWNATTER,REVIEWDATE) values (225,212,52,2,'test용 댓글',to_date('21/11/11','RR/MM/DD'));
Insert into TEAM1.REVIEW_T (REVIEWID,USERNUM,CONTENTSID,REVIEWSCORE,REVIEWNATTER,REVIEWDATE) values (226,212,53,3,'test용 댓글',to_date('21/11/11','RR/MM/DD'));
Insert into TEAM1.REVIEW_T (REVIEWID,USERNUM,CONTENTSID,REVIEWSCORE,REVIEWNATTER,REVIEWDATE) values (227,212,54,3,'test용 댓글',to_date('21/11/11','RR/MM/DD'));
Insert into TEAM1.REVIEW_T (REVIEWID,USERNUM,CONTENTSID,REVIEWSCORE,REVIEWNATTER,REVIEWDATE) values (228,212,55,4,'test용 댓글',to_date('21/11/11','RR/MM/DD'));
Insert into TEAM1.REVIEW_T (REVIEWID,USERNUM,CONTENTSID,REVIEWSCORE,REVIEWNATTER,REVIEWDATE) values (229,212,56,5,'test용 댓글',to_date('21/11/11','RR/MM/DD'));
Insert into TEAM1.REVIEW_T (REVIEWID,USERNUM,CONTENTSID,REVIEWSCORE,REVIEWNATTER,REVIEWDATE) values (230,212,57,5,'test용 댓글',to_date('21/11/11','RR/MM/DD'));
Insert into TEAM1.REVIEW_T (REVIEWID,USERNUM,CONTENTSID,REVIEWSCORE,REVIEWNATTER,REVIEWDATE) values (231,212,58,2,'test용 댓글',to_date('21/11/11','RR/MM/DD'));
Insert into TEAM1.REVIEW_T (REVIEWID,USERNUM,CONTENTSID,REVIEWSCORE,REVIEWNATTER,REVIEWDATE) values (232,212,59,1,'test용 댓글',to_date('21/11/11','RR/MM/DD'));
Insert into TEAM1.REVIEW_T (REVIEWID,USERNUM,CONTENTSID,REVIEWSCORE,REVIEWNATTER,REVIEWDATE) values (233,212,60,4,'test용 댓글',to_date('21/11/11','RR/MM/DD'));
Insert into TEAM1.REVIEW_T (REVIEWID,USERNUM,CONTENTSID,REVIEWSCORE,REVIEWNATTER,REVIEWDATE) values (234,212,61,4,'test용 댓글',to_date('21/11/11','RR/MM/DD'));
Insert into TEAM1.REVIEW_T (REVIEWID,USERNUM,CONTENTSID,REVIEWSCORE,REVIEWNATTER,REVIEWDATE) values (235,212,62,2,'test용 댓글',to_date('21/11/11','RR/MM/DD'));
Insert into TEAM1.REVIEW_T (REVIEWID,USERNUM,CONTENTSID,REVIEWSCORE,REVIEWNATTER,REVIEWDATE) values (236,212,63,5,'test용 댓글',to_date('21/11/11','RR/MM/DD'));
Insert into TEAM1.REVIEW_T (REVIEWID,USERNUM,CONTENTSID,REVIEWSCORE,REVIEWNATTER,REVIEWDATE) values (237,212,64,3,'test용 댓글',to_date('21/11/11','RR/MM/DD'));
Insert into TEAM1.REVIEW_T (REVIEWID,USERNUM,CONTENTSID,REVIEWSCORE,REVIEWNATTER,REVIEWDATE) values (238,212,65,4,'test용 댓글',to_date('21/11/11','RR/MM/DD'));
Insert into TEAM1.REVIEW_T (REVIEWID,USERNUM,CONTENTSID,REVIEWSCORE,REVIEWNATTER,REVIEWDATE) values (239,212,66,2,'test용 댓글',to_date('21/11/11','RR/MM/DD'));
Insert into TEAM1.REVIEW_T (REVIEWID,USERNUM,CONTENTSID,REVIEWSCORE,REVIEWNATTER,REVIEWDATE) values (240,212,67,1,'test용 댓글',to_date('21/11/11','RR/MM/DD'));
Insert into TEAM1.REVIEW_T (REVIEWID,USERNUM,CONTENTSID,REVIEWSCORE,REVIEWNATTER,REVIEWDATE) values (241,212,68,2,'test용 댓글',to_date('21/11/11','RR/MM/DD'));
Insert into TEAM1.REVIEW_T (REVIEWID,USERNUM,CONTENTSID,REVIEWSCORE,REVIEWNATTER,REVIEWDATE) values (242,212,69,3,'test용 댓글',to_date('21/11/11','RR/MM/DD'));
Insert into TEAM1.REVIEW_T (REVIEWID,USERNUM,CONTENTSID,REVIEWSCORE,REVIEWNATTER,REVIEWDATE) values (261,212,88,5,'test용 댓글',to_date('21/11/11','RR/MM/DD'));
Insert into TEAM1.REVIEW_T (REVIEWID,USERNUM,CONTENTSID,REVIEWSCORE,REVIEWNATTER,REVIEWDATE) values (262,212,89,3,'test용 댓글',to_date('21/11/11','RR/MM/DD'));
Insert into TEAM1.REVIEW_T (REVIEWID,USERNUM,CONTENTSID,REVIEWSCORE,REVIEWNATTER,REVIEWDATE) values (263,212,90,2,'test용 댓글',to_date('21/11/11','RR/MM/DD'));
Insert into TEAM1.REVIEW_T (REVIEWID,USERNUM,CONTENTSID,REVIEWSCORE,REVIEWNATTER,REVIEWDATE) values (264,212,91,2,'test용 댓글',to_date('21/11/11','RR/MM/DD'));
Insert into TEAM1.REVIEW_T (REVIEWID,USERNUM,CONTENTSID,REVIEWSCORE,REVIEWNATTER,REVIEWDATE) values (270,212,97,2,'test용 댓글',to_date('21/11/11','RR/MM/DD'));
Insert into TEAM1.REVIEW_T (REVIEWID,USERNUM,CONTENTSID,REVIEWSCORE,REVIEWNATTER,REVIEWDATE) values (272,212,99,1,'test용 댓글',to_date('21/11/11','RR/MM/DD'));
Insert into TEAM1.REVIEW_T (REVIEWID,USERNUM,CONTENTSID,REVIEWSCORE,REVIEWNATTER,REVIEWDATE) values (273,212,100,4,'test용 댓글',to_date('21/11/11','RR/MM/DD'));
Insert into TEAM1.REVIEW_T (REVIEWID,USERNUM,CONTENTSID,REVIEWSCORE,REVIEWNATTER,REVIEWDATE) values (274,212,101,1,'test용 댓글',to_date('21/11/11','RR/MM/DD'));
Insert into TEAM1.REVIEW_T (REVIEWID,USERNUM,CONTENTSID,REVIEWSCORE,REVIEWNATTER,REVIEWDATE) values (275,212,102,5,'test용 댓글',to_date('21/11/11','RR/MM/DD'));
Insert into TEAM1.REVIEW_T (REVIEWID,USERNUM,CONTENTSID,REVIEWSCORE,REVIEWNATTER,REVIEWDATE) values (276,212,103,3,'test용 댓글',to_date('21/11/11','RR/MM/DD'));
Insert into TEAM1.REVIEW_T (REVIEWID,USERNUM,CONTENTSID,REVIEWSCORE,REVIEWNATTER,REVIEWDATE) values (277,212,104,1,'test용 댓글',to_date('21/11/11','RR/MM/DD'));
Insert into TEAM1.REVIEW_T (REVIEWID,USERNUM,CONTENTSID,REVIEWSCORE,REVIEWNATTER,REVIEWDATE) values (278,212,105,1,'test용 댓글',to_date('21/11/11','RR/MM/DD'));
Insert into TEAM1.REVIEW_T (REVIEWID,USERNUM,CONTENTSID,REVIEWSCORE,REVIEWNATTER,REVIEWDATE) values (279,212,106,2,'test용 댓글',to_date('21/11/11','RR/MM/DD'));
Insert into TEAM1.REVIEW_T (REVIEWID,USERNUM,CONTENTSID,REVIEWSCORE,REVIEWNATTER,REVIEWDATE) values (280,212,1,3,'test용 댓글',to_date('21/11/11','RR/MM/DD'));
Insert into TEAM1.REVIEW_T (REVIEWID,USERNUM,CONTENTSID,REVIEWSCORE,REVIEWNATTER,REVIEWDATE) values (281,212,2,2,'test용 댓글',to_date('21/11/11','RR/MM/DD'));
Insert into TEAM1.REVIEW_T (REVIEWID,USERNUM,CONTENTSID,REVIEWSCORE,REVIEWNATTER,REVIEWDATE) values (282,212,3,5,'test용 댓글',to_date('21/11/11','RR/MM/DD'));
Insert into TEAM1.REVIEW_T (REVIEWID,USERNUM,CONTENTSID,REVIEWSCORE,REVIEWNATTER,REVIEWDATE) values (283,212,4,4,'test용 댓글',to_date('21/11/11','RR/MM/DD'));
Insert into TEAM1.REVIEW_T (REVIEWID,USERNUM,CONTENTSID,REVIEWSCORE,REVIEWNATTER,REVIEWDATE) values (284,212,5,1,'test용 댓글',to_date('21/11/11','RR/MM/DD'));
Insert into TEAM1.REVIEW_T (REVIEWID,USERNUM,CONTENTSID,REVIEWSCORE,REVIEWNATTER,REVIEWDATE) values (285,212,6,5,'test용 댓글',to_date('21/11/11','RR/MM/DD'));
Insert into TEAM1.REVIEW_T (REVIEWID,USERNUM,CONTENTSID,REVIEWSCORE,REVIEWNATTER,REVIEWDATE) values (286,212,7,4,'test용 댓글',to_date('21/11/11','RR/MM/DD'));
Insert into TEAM1.REVIEW_T (REVIEWID,USERNUM,CONTENTSID,REVIEWSCORE,REVIEWNATTER,REVIEWDATE) values (287,212,8,4,'test용 댓글',to_date('21/11/11','RR/MM/DD'));
Insert into TEAM1.REVIEW_T (REVIEWID,USERNUM,CONTENTSID,REVIEWSCORE,REVIEWNATTER,REVIEWDATE) values (288,212,9,1,'test용 댓글',to_date('21/11/11','RR/MM/DD'));
Insert into TEAM1.REVIEW_T (REVIEWID,USERNUM,CONTENTSID,REVIEWSCORE,REVIEWNATTER,REVIEWDATE) values (289,212,10,3,'test용 댓글',to_date('21/11/11','RR/MM/DD'));
Insert into TEAM1.REVIEW_T (REVIEWID,USERNUM,CONTENTSID,REVIEWSCORE,REVIEWNATTER,REVIEWDATE) values (290,212,11,2,'test용 댓글',to_date('21/11/11','RR/MM/DD'));
Insert into TEAM1.REVIEW_T (REVIEWID,USERNUM,CONTENTSID,REVIEWSCORE,REVIEWNATTER,REVIEWDATE) values (291,212,12,2,'test용 댓글',to_date('21/11/11','RR/MM/DD'));
Insert into TEAM1.REVIEW_T (REVIEWID,USERNUM,CONTENTSID,REVIEWSCORE,REVIEWNATTER,REVIEWDATE) values (292,212,13,2,'test용 댓글',to_date('21/11/11','RR/MM/DD'));
Insert into TEAM1.REVIEW_T (REVIEWID,USERNUM,CONTENTSID,REVIEWSCORE,REVIEWNATTER,REVIEWDATE) values (293,212,14,3,'test용 댓글',to_date('21/11/11','RR/MM/DD'));
Insert into TEAM1.REVIEW_T (REVIEWID,USERNUM,CONTENTSID,REVIEWSCORE,REVIEWNATTER,REVIEWDATE) values (294,212,15,4,'test용 댓글',to_date('21/11/11','RR/MM/DD'));
Insert into TEAM1.REVIEW_T (REVIEWID,USERNUM,CONTENTSID,REVIEWSCORE,REVIEWNATTER,REVIEWDATE) values (295,212,16,1,'test용 댓글',to_date('21/11/11','RR/MM/DD'));
Insert into TEAM1.REVIEW_T (REVIEWID,USERNUM,CONTENTSID,REVIEWSCORE,REVIEWNATTER,REVIEWDATE) values (296,212,17,3,'test용 댓글',to_date('21/11/11','RR/MM/DD'));
Insert into TEAM1.REVIEW_T (REVIEWID,USERNUM,CONTENTSID,REVIEWSCORE,REVIEWNATTER,REVIEWDATE) values (297,212,18,4,'test용 댓글',to_date('21/11/11','RR/MM/DD'));
Insert into TEAM1.REVIEW_T (REVIEWID,USERNUM,CONTENTSID,REVIEWSCORE,REVIEWNATTER,REVIEWDATE) values (298,212,19,3,'test용 댓글',to_date('21/11/11','RR/MM/DD'));
Insert into TEAM1.REVIEW_T (REVIEWID,USERNUM,CONTENTSID,REVIEWSCORE,REVIEWNATTER,REVIEWDATE) values (299,212,20,3,'test용 댓글',to_date('21/11/11','RR/MM/DD'));
Insert into TEAM1.REVIEW_T (REVIEWID,USERNUM,CONTENTSID,REVIEWSCORE,REVIEWNATTER,REVIEWDATE) values (300,212,21,2,'test용 댓글',to_date('21/11/11','RR/MM/DD'));
Insert into TEAM1.REVIEW_T (REVIEWID,USERNUM,CONTENTSID,REVIEWSCORE,REVIEWNATTER,REVIEWDATE) values (301,212,22,3,'test용 댓글',to_date('21/11/11','RR/MM/DD'));
Insert into TEAM1.REVIEW_T (REVIEWID,USERNUM,CONTENTSID,REVIEWSCORE,REVIEWNATTER,REVIEWDATE) values (302,212,23,2,'test용 댓글',to_date('21/11/11','RR/MM/DD'));
Insert into TEAM1.REVIEW_T (REVIEWID,USERNUM,CONTENTSID,REVIEWSCORE,REVIEWNATTER,REVIEWDATE) values (303,212,24,3,'test용 댓글',to_date('21/11/11','RR/MM/DD'));
Insert into TEAM1.REVIEW_T (REVIEWID,USERNUM,CONTENTSID,REVIEWSCORE,REVIEWNATTER,REVIEWDATE) values (304,212,25,1,'test용 댓글',to_date('21/11/11','RR/MM/DD'));
Insert into TEAM1.REVIEW_T (REVIEWID,USERNUM,CONTENTSID,REVIEWSCORE,REVIEWNATTER,REVIEWDATE) values (305,212,26,3,'test용 댓글',to_date('21/11/11','RR/MM/DD'));
Insert into TEAM1.REVIEW_T (REVIEWID,USERNUM,CONTENTSID,REVIEWSCORE,REVIEWNATTER,REVIEWDATE) values (306,212,27,5,'test용 댓글',to_date('21/11/11','RR/MM/DD'));
Insert into TEAM1.REVIEW_T (REVIEWID,USERNUM,CONTENTSID,REVIEWSCORE,REVIEWNATTER,REVIEWDATE) values (307,212,28,4,'test용 댓글',to_date('21/11/11','RR/MM/DD'));
Insert into TEAM1.REVIEW_T (REVIEWID,USERNUM,CONTENTSID,REVIEWSCORE,REVIEWNATTER,REVIEWDATE) values (308,212,29,3,'test용 댓글',to_date('21/11/11','RR/MM/DD'));
Insert into TEAM1.REVIEW_T (REVIEWID,USERNUM,CONTENTSID,REVIEWSCORE,REVIEWNATTER,REVIEWDATE) values (320,212,41,4,'test용 댓글',to_date('21/11/11','RR/MM/DD'));
Insert into TEAM1.REVIEW_T (REVIEWID,USERNUM,CONTENTSID,REVIEWSCORE,REVIEWNATTER,REVIEWDATE) values (324,212,45,3,'test용 댓글',to_date('21/11/11','RR/MM/DD'));
Insert into TEAM1.REVIEW_T (REVIEWID,USERNUM,CONTENTSID,REVIEWSCORE,REVIEWNATTER,REVIEWDATE) values (325,212,46,4,'test용 댓글',to_date('21/11/11','RR/MM/DD'));
Insert into TEAM1.REVIEW_T (REVIEWID,USERNUM,CONTENTSID,REVIEWSCORE,REVIEWNATTER,REVIEWDATE) values (326,212,47,2,'test용 댓글',to_date('21/11/11','RR/MM/DD'));
Insert into TEAM1.REVIEW_T (REVIEWID,USERNUM,CONTENTSID,REVIEWSCORE,REVIEWNATTER,REVIEWDATE) values (327,212,48,1,'test용 댓글',to_date('21/11/11','RR/MM/DD'));
Insert into TEAM1.REVIEW_T (REVIEWID,USERNUM,CONTENTSID,REVIEWSCORE,REVIEWNATTER,REVIEWDATE) values (328,212,49,2,'test용 댓글',to_date('21/11/11','RR/MM/DD'));
Insert into TEAM1.REVIEW_T (REVIEWID,USERNUM,CONTENTSID,REVIEWSCORE,REVIEWNATTER,REVIEWDATE) values (329,212,50,3,'test용 댓글',to_date('21/11/11','RR/MM/DD'));
Insert into TEAM1.REVIEW_T (REVIEWID,USERNUM,CONTENTSID,REVIEWSCORE,REVIEWNATTER,REVIEWDATE) values (330,212,51,4,'test용 댓글',to_date('21/11/11','RR/MM/DD'));
Insert into TEAM1.REVIEW_T (REVIEWID,USERNUM,CONTENTSID,REVIEWSCORE,REVIEWNATTER,REVIEWDATE) values (331,212,52,3,'test용 댓글',to_date('21/11/11','RR/MM/DD'));
Insert into TEAM1.REVIEW_T (REVIEWID,USERNUM,CONTENTSID,REVIEWSCORE,REVIEWNATTER,REVIEWDATE) values (332,212,53,1,'test용 댓글',to_date('21/11/11','RR/MM/DD'));
Insert into TEAM1.REVIEW_T (REVIEWID,USERNUM,CONTENTSID,REVIEWSCORE,REVIEWNATTER,REVIEWDATE) values (333,212,54,5,'test용 댓글',to_date('21/11/11','RR/MM/DD'));
Insert into TEAM1.REVIEW_T (REVIEWID,USERNUM,CONTENTSID,REVIEWSCORE,REVIEWNATTER,REVIEWDATE) values (334,212,55,3,'test용 댓글',to_date('21/11/11','RR/MM/DD'));
Insert into TEAM1.REVIEW_T (REVIEWID,USERNUM,CONTENTSID,REVIEWSCORE,REVIEWNATTER,REVIEWDATE) values (335,212,56,4,'test용 댓글',to_date('21/11/11','RR/MM/DD'));
Insert into TEAM1.REVIEW_T (REVIEWID,USERNUM,CONTENTSID,REVIEWSCORE,REVIEWNATTER,REVIEWDATE) values (336,212,57,3,'test용 댓글',to_date('21/11/11','RR/MM/DD'));
Insert into TEAM1.REVIEW_T (REVIEWID,USERNUM,CONTENTSID,REVIEWSCORE,REVIEWNATTER,REVIEWDATE) values (337,212,58,2,'test용 댓글',to_date('21/11/11','RR/MM/DD'));
Insert into TEAM1.REVIEW_T (REVIEWID,USERNUM,CONTENTSID,REVIEWSCORE,REVIEWNATTER,REVIEWDATE) values (338,212,59,1,'test용 댓글',to_date('21/11/11','RR/MM/DD'));
Insert into TEAM1.REVIEW_T (REVIEWID,USERNUM,CONTENTSID,REVIEWSCORE,REVIEWNATTER,REVIEWDATE) values (339,212,60,4,'test용 댓글',to_date('21/11/11','RR/MM/DD'));
Insert into TEAM1.REVIEW_T (REVIEWID,USERNUM,CONTENTSID,REVIEWSCORE,REVIEWNATTER,REVIEWDATE) values (340,212,61,4,'test용 댓글',to_date('21/11/11','RR/MM/DD'));
Insert into TEAM1.REVIEW_T (REVIEWID,USERNUM,CONTENTSID,REVIEWSCORE,REVIEWNATTER,REVIEWDATE) values (341,212,62,3,'test용 댓글',to_date('21/11/11','RR/MM/DD'));
Insert into TEAM1.REVIEW_T (REVIEWID,USERNUM,CONTENTSID,REVIEWSCORE,REVIEWNATTER,REVIEWDATE) values (342,212,63,2,'test용 댓글',to_date('21/11/11','RR/MM/DD'));
Insert into TEAM1.REVIEW_T (REVIEWID,USERNUM,CONTENTSID,REVIEWSCORE,REVIEWNATTER,REVIEWDATE) values (343,212,64,2,'test용 댓글',to_date('21/11/11','RR/MM/DD'));
Insert into TEAM1.REVIEW_T (REVIEWID,USERNUM,CONTENTSID,REVIEWSCORE,REVIEWNATTER,REVIEWDATE) values (344,212,65,1,'test용 댓글',to_date('21/11/11','RR/MM/DD'));
Insert into TEAM1.REVIEW_T (REVIEWID,USERNUM,CONTENTSID,REVIEWSCORE,REVIEWNATTER,REVIEWDATE) values (345,212,66,1,'test용 댓글',to_date('21/11/11','RR/MM/DD'));
Insert into TEAM1.REVIEW_T (REVIEWID,USERNUM,CONTENTSID,REVIEWSCORE,REVIEWNATTER,REVIEWDATE) values (346,212,67,2,'test용 댓글',to_date('21/11/11','RR/MM/DD'));
Insert into TEAM1.REVIEW_T (REVIEWID,USERNUM,CONTENTSID,REVIEWSCORE,REVIEWNATTER,REVIEWDATE) values (347,212,68,4,'test용 댓글',to_date('21/11/11','RR/MM/DD'));
Insert into TEAM1.REVIEW_T (REVIEWID,USERNUM,CONTENTSID,REVIEWSCORE,REVIEWNATTER,REVIEWDATE) values (348,212,69,5,'test용 댓글',to_date('21/11/11','RR/MM/DD'));
Insert into TEAM1.REVIEW_T (REVIEWID,USERNUM,CONTENTSID,REVIEWSCORE,REVIEWNATTER,REVIEWDATE) values (367,212,88,3,'test용 댓글',to_date('21/11/11','RR/MM/DD'));
Insert into TEAM1.REVIEW_T (REVIEWID,USERNUM,CONTENTSID,REVIEWSCORE,REVIEWNATTER,REVIEWDATE) values (368,212,89,3,'test용 댓글',to_date('21/11/11','RR/MM/DD'));
Insert into TEAM1.REVIEW_T (REVIEWID,USERNUM,CONTENTSID,REVIEWSCORE,REVIEWNATTER,REVIEWDATE) values (369,212,90,4,'test용 댓글',to_date('21/11/11','RR/MM/DD'));
Insert into TEAM1.REVIEW_T (REVIEWID,USERNUM,CONTENTSID,REVIEWSCORE,REVIEWNATTER,REVIEWDATE) values (370,212,91,3,'test용 댓글',to_date('21/11/11','RR/MM/DD'));
Insert into TEAM1.REVIEW_T (REVIEWID,USERNUM,CONTENTSID,REVIEWSCORE,REVIEWNATTER,REVIEWDATE) values (376,212,97,1,'test용 댓글',to_date('21/11/11','RR/MM/DD'));
Insert into TEAM1.REVIEW_T (REVIEWID,USERNUM,CONTENTSID,REVIEWSCORE,REVIEWNATTER,REVIEWDATE) values (378,212,99,2,'test용 댓글',to_date('21/11/11','RR/MM/DD'));
Insert into TEAM1.REVIEW_T (REVIEWID,USERNUM,CONTENTSID,REVIEWSCORE,REVIEWNATTER,REVIEWDATE) values (379,212,100,1,'test용 댓글',to_date('21/11/11','RR/MM/DD'));
Insert into TEAM1.REVIEW_T (REVIEWID,USERNUM,CONTENTSID,REVIEWSCORE,REVIEWNATTER,REVIEWDATE) values (380,212,101,4,'test용 댓글',to_date('21/11/11','RR/MM/DD'));
Insert into TEAM1.REVIEW_T (REVIEWID,USERNUM,CONTENTSID,REVIEWSCORE,REVIEWNATTER,REVIEWDATE) values (381,212,102,3,'test용 댓글',to_date('21/11/11','RR/MM/DD'));
Insert into TEAM1.REVIEW_T (REVIEWID,USERNUM,CONTENTSID,REVIEWSCORE,REVIEWNATTER,REVIEWDATE) values (382,212,103,1,'test용 댓글',to_date('21/11/11','RR/MM/DD'));
Insert into TEAM1.REVIEW_T (REVIEWID,USERNUM,CONTENTSID,REVIEWSCORE,REVIEWNATTER,REVIEWDATE) values (383,212,104,1,'test용 댓글',to_date('21/11/11','RR/MM/DD'));
Insert into TEAM1.REVIEW_T (REVIEWID,USERNUM,CONTENTSID,REVIEWSCORE,REVIEWNATTER,REVIEWDATE) values (384,212,105,2,'test용 댓글',to_date('21/11/11','RR/MM/DD'));
Insert into TEAM1.REVIEW_T (REVIEWID,USERNUM,CONTENTSID,REVIEWSCORE,REVIEWNATTER,REVIEWDATE) values (385,212,106,2,'test용 댓글',to_date('21/11/11','RR/MM/DD'));
Insert into TEAM1.REVIEW_T (REVIEWID,USERNUM,CONTENTSID,REVIEWSCORE,REVIEWNATTER,REVIEWDATE) values (386,212,1,2,'test용 댓글',to_date('21/11/11','RR/MM/DD'));
Insert into TEAM1.REVIEW_T (REVIEWID,USERNUM,CONTENTSID,REVIEWSCORE,REVIEWNATTER,REVIEWDATE) values (387,212,2,2,'test용 댓글',to_date('21/11/11','RR/MM/DD'));
Insert into TEAM1.REVIEW_T (REVIEWID,USERNUM,CONTENTSID,REVIEWSCORE,REVIEWNATTER,REVIEWDATE) values (388,212,3,3,'test용 댓글',to_date('21/11/11','RR/MM/DD'));
Insert into TEAM1.REVIEW_T (REVIEWID,USERNUM,CONTENTSID,REVIEWSCORE,REVIEWNATTER,REVIEWDATE) values (389,212,4,1,'test용 댓글',to_date('21/11/11','RR/MM/DD'));
Insert into TEAM1.REVIEW_T (REVIEWID,USERNUM,CONTENTSID,REVIEWSCORE,REVIEWNATTER,REVIEWDATE) values (390,212,5,1,'test용 댓글',to_date('21/11/11','RR/MM/DD'));
Insert into TEAM1.REVIEW_T (REVIEWID,USERNUM,CONTENTSID,REVIEWSCORE,REVIEWNATTER,REVIEWDATE) values (391,212,6,2,'test용 댓글',to_date('21/11/11','RR/MM/DD'));
Insert into TEAM1.REVIEW_T (REVIEWID,USERNUM,CONTENTSID,REVIEWSCORE,REVIEWNATTER,REVIEWDATE) values (392,212,7,3,'test용 댓글',to_date('21/11/11','RR/MM/DD'));
Insert into TEAM1.REVIEW_T (REVIEWID,USERNUM,CONTENTSID,REVIEWSCORE,REVIEWNATTER,REVIEWDATE) values (393,212,8,1,'test용 댓글',to_date('21/11/11','RR/MM/DD'));
Insert into TEAM1.REVIEW_T (REVIEWID,USERNUM,CONTENTSID,REVIEWSCORE,REVIEWNATTER,REVIEWDATE) values (394,212,9,5,'test용 댓글',to_date('21/11/11','RR/MM/DD'));
Insert into TEAM1.REVIEW_T (REVIEWID,USERNUM,CONTENTSID,REVIEWSCORE,REVIEWNATTER,REVIEWDATE) values (395,212,10,4,'test용 댓글',to_date('21/11/11','RR/MM/DD'));
Insert into TEAM1.REVIEW_T (REVIEWID,USERNUM,CONTENTSID,REVIEWSCORE,REVIEWNATTER,REVIEWDATE) values (396,212,11,1,'test용 댓글',to_date('21/11/11','RR/MM/DD'));
Insert into TEAM1.REVIEW_T (REVIEWID,USERNUM,CONTENTSID,REVIEWSCORE,REVIEWNATTER,REVIEWDATE) values (397,212,12,2,'test용 댓글',to_date('21/11/11','RR/MM/DD'));
Insert into TEAM1.REVIEW_T (REVIEWID,USERNUM,CONTENTSID,REVIEWSCORE,REVIEWNATTER,REVIEWDATE) values (398,212,13,3,'test용 댓글',to_date('21/11/11','RR/MM/DD'));
Insert into TEAM1.REVIEW_T (REVIEWID,USERNUM,CONTENTSID,REVIEWSCORE,REVIEWNATTER,REVIEWDATE) values (399,212,14,5,'test용 댓글',to_date('21/11/11','RR/MM/DD'));
Insert into TEAM1.REVIEW_T (REVIEWID,USERNUM,CONTENTSID,REVIEWSCORE,REVIEWNATTER,REVIEWDATE) values (400,212,15,2,'test용 댓글',to_date('21/11/11','RR/MM/DD'));
Insert into TEAM1.REVIEW_T (REVIEWID,USERNUM,CONTENTSID,REVIEWSCORE,REVIEWNATTER,REVIEWDATE) values (401,212,16,1,'test용 댓글',to_date('21/11/11','RR/MM/DD'));
Insert into TEAM1.REVIEW_T (REVIEWID,USERNUM,CONTENTSID,REVIEWSCORE,REVIEWNATTER,REVIEWDATE) values (402,212,17,4,'test용 댓글',to_date('21/11/11','RR/MM/DD'));
Insert into TEAM1.REVIEW_T (REVIEWID,USERNUM,CONTENTSID,REVIEWSCORE,REVIEWNATTER,REVIEWDATE) values (403,212,18,5,'test용 댓글',to_date('21/11/11','RR/MM/DD'));
Insert into TEAM1.REVIEW_T (REVIEWID,USERNUM,CONTENTSID,REVIEWSCORE,REVIEWNATTER,REVIEWDATE) values (404,212,19,2,'test용 댓글',to_date('21/11/11','RR/MM/DD'));
Insert into TEAM1.REVIEW_T (REVIEWID,USERNUM,CONTENTSID,REVIEWSCORE,REVIEWNATTER,REVIEWDATE) values (405,212,20,4,'test용 댓글',to_date('21/11/11','RR/MM/DD'));
Insert into TEAM1.REVIEW_T (REVIEWID,USERNUM,CONTENTSID,REVIEWSCORE,REVIEWNATTER,REVIEWDATE) values (406,212,21,5,'test용 댓글',to_date('21/11/11','RR/MM/DD'));
Insert into TEAM1.REVIEW_T (REVIEWID,USERNUM,CONTENTSID,REVIEWSCORE,REVIEWNATTER,REVIEWDATE) values (407,212,22,4,'test용 댓글',to_date('21/11/11','RR/MM/DD'));
Insert into TEAM1.REVIEW_T (REVIEWID,USERNUM,CONTENTSID,REVIEWSCORE,REVIEWNATTER,REVIEWDATE) values (408,212,23,1,'test용 댓글',to_date('21/11/11','RR/MM/DD'));
Insert into TEAM1.REVIEW_T (REVIEWID,USERNUM,CONTENTSID,REVIEWSCORE,REVIEWNATTER,REVIEWDATE) values (409,212,24,2,'test용 댓글',to_date('21/11/11','RR/MM/DD'));
Insert into TEAM1.REVIEW_T (REVIEWID,USERNUM,CONTENTSID,REVIEWSCORE,REVIEWNATTER,REVIEWDATE) values (410,212,25,3,'test용 댓글',to_date('21/11/11','RR/MM/DD'));
Insert into TEAM1.REVIEW_T (REVIEWID,USERNUM,CONTENTSID,REVIEWSCORE,REVIEWNATTER,REVIEWDATE) values (411,212,26,5,'test용 댓글',to_date('21/11/11','RR/MM/DD'));
Insert into TEAM1.REVIEW_T (REVIEWID,USERNUM,CONTENTSID,REVIEWSCORE,REVIEWNATTER,REVIEWDATE) values (412,212,27,4,'test용 댓글',to_date('21/11/11','RR/MM/DD'));
Insert into TEAM1.REVIEW_T (REVIEWID,USERNUM,CONTENTSID,REVIEWSCORE,REVIEWNATTER,REVIEWDATE) values (413,212,28,1,'test용 댓글',to_date('21/11/11','RR/MM/DD'));
Insert into TEAM1.REVIEW_T (REVIEWID,USERNUM,CONTENTSID,REVIEWSCORE,REVIEWNATTER,REVIEWDATE) values (414,212,29,2,'test용 댓글',to_date('21/11/11','RR/MM/DD'));
Insert into TEAM1.REVIEW_T (REVIEWID,USERNUM,CONTENTSID,REVIEWSCORE,REVIEWNATTER,REVIEWDATE) values (426,212,41,1,'test용 댓글',to_date('21/11/11','RR/MM/DD'));
Insert into TEAM1.REVIEW_T (REVIEWID,USERNUM,CONTENTSID,REVIEWSCORE,REVIEWNATTER,REVIEWDATE) values (430,212,45,1,'test용 댓글',to_date('21/11/11','RR/MM/DD'));
Insert into TEAM1.REVIEW_T (REVIEWID,USERNUM,CONTENTSID,REVIEWSCORE,REVIEWNATTER,REVIEWDATE) values (431,212,46,2,'test용 댓글',to_date('21/11/11','RR/MM/DD'));
Insert into TEAM1.REVIEW_T (REVIEWID,USERNUM,CONTENTSID,REVIEWSCORE,REVIEWNATTER,REVIEWDATE) values (432,212,47,4,'test용 댓글',to_date('21/11/11','RR/MM/DD'));
Insert into TEAM1.REVIEW_T (REVIEWID,USERNUM,CONTENTSID,REVIEWSCORE,REVIEWNATTER,REVIEWDATE) values (433,212,48,1,'test용 댓글',to_date('21/11/11','RR/MM/DD'));
Insert into TEAM1.REVIEW_T (REVIEWID,USERNUM,CONTENTSID,REVIEWSCORE,REVIEWNATTER,REVIEWDATE) values (434,212,49,5,'test용 댓글',to_date('21/11/11','RR/MM/DD'));
Insert into TEAM1.REVIEW_T (REVIEWID,USERNUM,CONTENTSID,REVIEWSCORE,REVIEWNATTER,REVIEWDATE) values (435,212,50,4,'test용 댓글',to_date('21/11/11','RR/MM/DD'));
Insert into TEAM1.REVIEW_T (REVIEWID,USERNUM,CONTENTSID,REVIEWSCORE,REVIEWNATTER,REVIEWDATE) values (436,212,51,2,'test용 댓글',to_date('21/11/11','RR/MM/DD'));
Insert into TEAM1.REVIEW_T (REVIEWID,USERNUM,CONTENTSID,REVIEWSCORE,REVIEWNATTER,REVIEWDATE) values (437,212,52,3,'test용 댓글',to_date('21/11/11','RR/MM/DD'));
Insert into TEAM1.REVIEW_T (REVIEWID,USERNUM,CONTENTSID,REVIEWSCORE,REVIEWNATTER,REVIEWDATE) values (438,212,53,2,'test용 댓글',to_date('21/11/11','RR/MM/DD'));
Insert into TEAM1.REVIEW_T (REVIEWID,USERNUM,CONTENTSID,REVIEWSCORE,REVIEWNATTER,REVIEWDATE) values (439,212,54,1,'test용 댓글',to_date('21/11/11','RR/MM/DD'));
Insert into TEAM1.REVIEW_T (REVIEWID,USERNUM,CONTENTSID,REVIEWSCORE,REVIEWNATTER,REVIEWDATE) values (440,212,55,2,'test용 댓글',to_date('21/11/11','RR/MM/DD'));
Insert into TEAM1.REVIEW_T (REVIEWID,USERNUM,CONTENTSID,REVIEWSCORE,REVIEWNATTER,REVIEWDATE) values (441,212,56,5,'test용 댓글',to_date('21/11/11','RR/MM/DD'));
Insert into TEAM1.REVIEW_T (REVIEWID,USERNUM,CONTENTSID,REVIEWSCORE,REVIEWNATTER,REVIEWDATE) values (442,212,57,4,'test용 댓글',to_date('21/11/11','RR/MM/DD'));
Insert into TEAM1.REVIEW_T (REVIEWID,USERNUM,CONTENTSID,REVIEWSCORE,REVIEWNATTER,REVIEWDATE) values (443,212,58,1,'test용 댓글',to_date('21/11/11','RR/MM/DD'));
Insert into TEAM1.REVIEW_T (REVIEWID,USERNUM,CONTENTSID,REVIEWSCORE,REVIEWNATTER,REVIEWDATE) values (444,212,59,5,'test용 댓글',to_date('21/11/11','RR/MM/DD'));
Insert into TEAM1.REVIEW_T (REVIEWID,USERNUM,CONTENTSID,REVIEWSCORE,REVIEWNATTER,REVIEWDATE) values (445,212,60,4,'test용 댓글',to_date('21/11/11','RR/MM/DD'));
Insert into TEAM1.REVIEW_T (REVIEWID,USERNUM,CONTENTSID,REVIEWSCORE,REVIEWNATTER,REVIEWDATE) values (446,212,61,4,'test용 댓글',to_date('21/11/11','RR/MM/DD'));
Insert into TEAM1.REVIEW_T (REVIEWID,USERNUM,CONTENTSID,REVIEWSCORE,REVIEWNATTER,REVIEWDATE) values (447,212,62,1,'test용 댓글',to_date('21/11/11','RR/MM/DD'));
Insert into TEAM1.REVIEW_T (REVIEWID,USERNUM,CONTENTSID,REVIEWSCORE,REVIEWNATTER,REVIEWDATE) values (448,212,63,3,'test용 댓글',to_date('21/11/11','RR/MM/DD'));
Insert into TEAM1.REVIEW_T (REVIEWID,USERNUM,CONTENTSID,REVIEWSCORE,REVIEWNATTER,REVIEWDATE) values (449,212,64,2,'test용 댓글',to_date('21/11/11','RR/MM/DD'));
Insert into TEAM1.REVIEW_T (REVIEWID,USERNUM,CONTENTSID,REVIEWSCORE,REVIEWNATTER,REVIEWDATE) values (450,212,65,2,'test용 댓글',to_date('21/11/11','RR/MM/DD'));
Insert into TEAM1.REVIEW_T (REVIEWID,USERNUM,CONTENTSID,REVIEWSCORE,REVIEWNATTER,REVIEWDATE) values (451,212,66,2,'test용 댓글',to_date('21/11/11','RR/MM/DD'));
Insert into TEAM1.REVIEW_T (REVIEWID,USERNUM,CONTENTSID,REVIEWSCORE,REVIEWNATTER,REVIEWDATE) values (452,212,67,3,'test용 댓글',to_date('21/11/11','RR/MM/DD'));
Insert into TEAM1.REVIEW_T (REVIEWID,USERNUM,CONTENTSID,REVIEWSCORE,REVIEWNATTER,REVIEWDATE) values (453,212,68,4,'test용 댓글',to_date('21/11/11','RR/MM/DD'));
Insert into TEAM1.REVIEW_T (REVIEWID,USERNUM,CONTENTSID,REVIEWSCORE,REVIEWNATTER,REVIEWDATE) values (454,212,69,1,'test용 댓글',to_date('21/11/11','RR/MM/DD'));
Insert into TEAM1.REVIEW_T (REVIEWID,USERNUM,CONTENTSID,REVIEWSCORE,REVIEWNATTER,REVIEWDATE) values (473,212,88,4,'test용 댓글',to_date('21/11/11','RR/MM/DD'));
Insert into TEAM1.REVIEW_T (REVIEWID,USERNUM,CONTENTSID,REVIEWSCORE,REVIEWNATTER,REVIEWDATE) values (474,212,89,4,'test용 댓글',to_date('21/11/11','RR/MM/DD'));
Insert into TEAM1.REVIEW_T (REVIEWID,USERNUM,CONTENTSID,REVIEWSCORE,REVIEWNATTER,REVIEWDATE) values (475,212,90,5,'test용 댓글',to_date('21/11/11','RR/MM/DD'));
Insert into TEAM1.REVIEW_T (REVIEWID,USERNUM,CONTENTSID,REVIEWSCORE,REVIEWNATTER,REVIEWDATE) values (476,212,91,5,'test용 댓글',to_date('21/11/11','RR/MM/DD'));
Insert into TEAM1.REVIEW_T (REVIEWID,USERNUM,CONTENTSID,REVIEWSCORE,REVIEWNATTER,REVIEWDATE) values (482,212,97,5,'test용 댓글',to_date('21/11/11','RR/MM/DD'));
Insert into TEAM1.REVIEW_T (REVIEWID,USERNUM,CONTENTSID,REVIEWSCORE,REVIEWNATTER,REVIEWDATE) values (484,212,99,4,'test용 댓글',to_date('21/11/11','RR/MM/DD'));
Insert into TEAM1.REVIEW_T (REVIEWID,USERNUM,CONTENTSID,REVIEWSCORE,REVIEWNATTER,REVIEWDATE) values (485,212,100,2,'test용 댓글',to_date('21/11/11','RR/MM/DD'));
Insert into TEAM1.REVIEW_T (REVIEWID,USERNUM,CONTENTSID,REVIEWSCORE,REVIEWNATTER,REVIEWDATE) values (486,212,101,1,'test용 댓글',to_date('21/11/11','RR/MM/DD'));
Insert into TEAM1.REVIEW_T (REVIEWID,USERNUM,CONTENTSID,REVIEWSCORE,REVIEWNATTER,REVIEWDATE) values (487,212,102,2,'test용 댓글',to_date('21/11/11','RR/MM/DD'));
Insert into TEAM1.REVIEW_T (REVIEWID,USERNUM,CONTENTSID,REVIEWSCORE,REVIEWNATTER,REVIEWDATE) values (488,212,103,3,'test용 댓글',to_date('21/11/11','RR/MM/DD'));
Insert into TEAM1.REVIEW_T (REVIEWID,USERNUM,CONTENTSID,REVIEWSCORE,REVIEWNATTER,REVIEWDATE) values (489,212,104,4,'test용 댓글',to_date('21/11/11','RR/MM/DD'));
Insert into TEAM1.REVIEW_T (REVIEWID,USERNUM,CONTENTSID,REVIEWSCORE,REVIEWNATTER,REVIEWDATE) values (490,212,105,3,'test용 댓글',to_date('21/11/11','RR/MM/DD'));
Insert into TEAM1.REVIEW_T (REVIEWID,USERNUM,CONTENTSID,REVIEWSCORE,REVIEWNATTER,REVIEWDATE) values (491,212,106,1,'test용 댓글',to_date('21/11/11','RR/MM/DD'));
Insert into TEAM1.REVIEW_T (REVIEWID,USERNUM,CONTENTSID,REVIEWSCORE,REVIEWNATTER,REVIEWDATE) values (492,271,21,null,'asdfasdf',to_date('21/11/12','RR/MM/DD'));
Insert into TEAM1.REVIEW_T (REVIEWID,USERNUM,CONTENTSID,REVIEWSCORE,REVIEWNATTER,REVIEWDATE) values (493,270,7,null,'testtttt',to_date('21/11/12','RR/MM/DD'));
Insert into TEAM1.REVIEW_T (REVIEWID,USERNUM,CONTENTSID,REVIEWSCORE,REVIEWNATTER,REVIEWDATE) values (494,270,4,null,'되나?',to_date('21/11/12','RR/MM/DD'));
REM INSERTING into TEAM1.USER_T
SET DEFINE OFF;
Insert into TEAM1.USER_T (USERNUM,USERID,USEREMAIL,USERPASSWORD,USERCATEGORY,USERCLASS,USERPNUM,ADMIN) values (208,'lee','lee@lee','lee',null,null,null,null);
Insert into TEAM1.USER_T (USERNUM,USERID,USEREMAIL,USERPASSWORD,USERCATEGORY,USERCLASS,USERPNUM,ADMIN) values (51,'김치남','김치남@naver.com','1234',null,null,null,null);
Insert into TEAM1.USER_T (USERNUM,USERID,USEREMAIL,USERPASSWORD,USERCATEGORY,USERCLASS,USERPNUM,ADMIN) values (213,'admin','admin@admin','admin',null,null,null,'1');
Insert into TEAM1.USER_T (USERNUM,USERID,USEREMAIL,USERPASSWORD,USERCATEGORY,USERCLASS,USERPNUM,ADMIN) values (269,'안호준','hojuneee@naver.com','$2a$10$Rn1CUaNFiWAOKigPQLjovObbu866Hla7nJAWbL2S4Pca25MXqVv1q',null,null,null,null);
Insert into TEAM1.USER_T (USERNUM,USERID,USEREMAIL,USERPASSWORD,USERCATEGORY,USERCLASS,USERPNUM,ADMIN) values (212,'tester','tester@tester','1234',null,null,null,null);
Insert into TEAM1.USER_T (USERNUM,USERID,USEREMAIL,USERPASSWORD,USERCATEGORY,USERCLASS,USERPNUM,ADMIN) values (214,'오세준','qkqhtpwns2@naver.com','1234',null,null,null,null);
Insert into TEAM1.USER_T (USERNUM,USERID,USEREMAIL,USERPASSWORD,USERCATEGORY,USERCLASS,USERPNUM,ADMIN) values (238,'호준','hojunaa@gmail.com','11',null,null,null,null);
Insert into TEAM1.USER_T (USERNUM,USERID,USEREMAIL,USERPASSWORD,USERCATEGORY,USERCLASS,USERPNUM,ADMIN) values (257,'호호','sky-hojune@daum.net','$2a$10$OShM5qbldjK.BTpQ6TBPRececYx5QCg.5SHQYYCGcIgv826iuxwj2',null,null,null,null);
Insert into TEAM1.USER_T (USERNUM,USERID,USEREMAIL,USERPASSWORD,USERCATEGORY,USERCLASS,USERPNUM,ADMIN) values (258,'111','111@naver.com','$2a$10$4wZtSop7DuwtJKZHF5ptcOP7boKMtTy1EbfT1ErmSHLTKCH5veXGS',null,null,null,null);
Insert into TEAM1.USER_T (USERNUM,USERID,USEREMAIL,USERPASSWORD,USERCATEGORY,USERCLASS,USERPNUM,ADMIN) values (259,'22','22@naver.com','$2a$10$OSjmdL0nmOyO.M9LCp/z9OfBmqz5FUp3aKLFnIQwr5TNY1BcjUyeG',null,null,null,null);
Insert into TEAM1.USER_T (USERNUM,USERID,USEREMAIL,USERPASSWORD,USERCATEGORY,USERCLASS,USERPNUM,ADMIN) values (260,'33','33@naver.com','$2a$10$4GXZPxWktfovgO0eFzlvHOT07XhcuI/PSQCtX7/R5IqOtFepzelAC',null,null,null,null);
Insert into TEAM1.USER_T (USERNUM,USERID,USEREMAIL,USERPASSWORD,USERCATEGORY,USERCLASS,USERPNUM,ADMIN) values (261,'999','999@naver.com','$2a$10$xXcp0X.0W.Q6/fuVLjHfeeIyPyTrt3fe2SN7bUTHM6m710gYP7Ta.',null,null,null,null);
Insert into TEAM1.USER_T (USERNUM,USERID,USEREMAIL,USERPASSWORD,USERCATEGORY,USERCLASS,USERPNUM,ADMIN) values (262,'888','888@naver.com','$2a$10$vPVo4deIcB0dXiHPghN3M.N2haDma69crTuOsKjqG9Y68ohlK3xSG',null,null,null,null);
Insert into TEAM1.USER_T (USERNUM,USERID,USEREMAIL,USERPASSWORD,USERCATEGORY,USERCLASS,USERPNUM,ADMIN) values (263,'qq','qq@naver.com','$2a$10$qWXG/hLvDXuxORqtSyxoueCN6gaNAJa0uv1bmHIyIraUkGlgSCpb6',null,null,null,null);
Insert into TEAM1.USER_T (USERNUM,USERID,USEREMAIL,USERPASSWORD,USERCATEGORY,USERCLASS,USERPNUM,ADMIN) values (231,'tester1','tester1@tester','1234',null,null,null,null);
Insert into TEAM1.USER_T (USERNUM,USERID,USEREMAIL,USERPASSWORD,USERCATEGORY,USERCLASS,USERPNUM,ADMIN) values (264,'777','777@naver.com','$2a$10$aSD/o.DreMtj5zPvgI80CeDP.mQBjdYKJTrLw5BbgfEyNxK91kbvi',null,null,null,null);
Insert into TEAM1.USER_T (USERNUM,USERID,USEREMAIL,USERPASSWORD,USERCATEGORY,USERCLASS,USERPNUM,ADMIN) values (265,'99','99@naver.com','$2a$10$X9QXvNqdkILycIhz0Zi5AuSiW6fK0c8fRD20.8SNSjayeuFpT9u5.',null,null,null,null);
Insert into TEAM1.USER_T (USERNUM,USERID,USEREMAIL,USERPASSWORD,USERCATEGORY,USERCLASS,USERPNUM,ADMIN) values (266,'991','991@naver.com','$2a$10$36QwT7u4Va/ME103BRN5OeduXDwnyqN.V1hk2Favd9Zg5ynhjUAf2',null,null,null,null);
Insert into TEAM1.USER_T (USERNUM,USERID,USEREMAIL,USERPASSWORD,USERCATEGORY,USERCLASS,USERPNUM,ADMIN) values (267,'119','119@naver.com','$2a$10$bB5SjZWeXfaBk.fyJ/cy8eMA4Iuk81s0tAYLdt3idje7EzDblSjge',null,null,null,null);
Insert into TEAM1.USER_T (USERNUM,USERID,USEREMAIL,USERPASSWORD,USERCATEGORY,USERCLASS,USERPNUM,ADMIN) values (270,'hyo','hyohyo@naver.com','$2a$10$rT5hagojP7WknQWJ/MkBzOd.eflLZN4iQcyv0YOqT86DRmYjPUDua',null,null,null,null);
Insert into TEAM1.USER_T (USERNUM,USERID,USEREMAIL,USERPASSWORD,USERCATEGORY,USERCLASS,USERPNUM,ADMIN) values (271,'aasdff','kkkk@kkkkk','$2a$10$.Vd3QPLi7jY.msBqgvCEMOJQwEGTHiTNGUt0hJIvdzN/d3K5GVTiq',null,null,null,null);
Insert into TEAM1.USER_T (USERNUM,USERID,USEREMAIL,USERPASSWORD,USERCATEGORY,USERCLASS,USERPNUM,ADMIN) values (272,'damin1','admin1@admin1','admin1',null,null,null,null);
Insert into TEAM1.USER_T (USERNUM,USERID,USEREMAIL,USERPASSWORD,USERCATEGORY,USERCLASS,USERPNUM,ADMIN) values (273,'team1','team1@team1','$2a$10$nPPixYe225qmNdMnf830jObvYWazSdjCRrS63sr7.CbuJ6wN3pGc.',null,null,null,'1');
Insert into TEAM1.USER_T (USERNUM,USERID,USEREMAIL,USERPASSWORD,USERCATEGORY,USERCLASS,USERPNUM,ADMIN) values (274,'sejun','sejun@naver.com','$2a$10$yOsWGZjBUE01bDBDNJEW9uuH4CDrYD0.Uc1vp9NTl0Vj39f3L/LXO',null,null,null,null);
Insert into TEAM1.USER_T (USERNUM,USERID,USEREMAIL,USERPASSWORD,USERCATEGORY,USERCLASS,USERPNUM,ADMIN) values (275,'관리자','uuontae@gmail.com','$2a$10$TKm/Prs0Fi../vJTKpa17umlHcxTjRq0kULAb6waTxKQ9QVJczmfe',null,null,null,'1');
Insert into TEAM1.USER_T (USERNUM,USERID,USEREMAIL,USERPASSWORD,USERCATEGORY,USERCLASS,USERPNUM,ADMIN) values (276,'qkqh','qkqh@naver.com','$2a$10$FlV..4RTvfsTYA0PvLtFNuf7OORynW5woGiLzhAyn5198.HDj64bW',null,null,null,null);
Insert into TEAM1.USER_T (USERNUM,USERID,USEREMAIL,USERPASSWORD,USERCATEGORY,USERCLASS,USERPNUM,ADMIN) values (277,'rim','chlrkqfla1@naver.com','$2a$10$7ONOeKxKZ/R5Wv5g.BIlc.SMGcY6I3n/HoFGbHwtcSQtOMpC.kwA6',null,null,null,null);
Insert into TEAM1.USER_T (USERNUM,USERID,USEREMAIL,USERPASSWORD,USERCATEGORY,USERCLASS,USERPNUM,ADMIN) values (281,'1234','1234@1234','$2a$10$wzlQZKl50QsT7OM2TSRnN.y6Rx0alPCxCAZnVP66BoNEQJjn.Ucwa',null,null,null,null);
Insert into TEAM1.USER_T (USERNUM,USERID,USEREMAIL,USERPASSWORD,USERCATEGORY,USERCLASS,USERPNUM,ADMIN) values (279,'5sejun','5sejun@naver.com','$2a$10$LyhBeccGNDR8fK5rqui/u.ATJRJkLtUjA11wr1nQFblPMm/D/iaXa',null,null,null,null);
Insert into TEAM1.USER_T (USERNUM,USERID,USEREMAIL,USERPASSWORD,USERCATEGORY,USERCLASS,USERPNUM,ADMIN) values (282,'sss','sss@naver.com','$2a$10$gMi/kebsPIqbKroSQ4EOL.WgL842lWYs5GRruKPpRmxXr8qdv9NKC',null,null,null,null);
Insert into TEAM1.USER_T (USERNUM,USERID,USEREMAIL,USERPASSWORD,USERCATEGORY,USERCLASS,USERPNUM,ADMIN) values (285,'uuontae1','uuontae1@gmail.com','$2a$10$Q.tcaPnmQLLfEKcViEbqI.fNQkxur0wRTUw6Cd5TAFcm.WVwRrQuS',null,null,null,null);
Insert into TEAM1.USER_T (USERNUM,USERID,USEREMAIL,USERPASSWORD,USERCATEGORY,USERCLASS,USERPNUM,ADMIN) values (284,'oo','oo@oo','$2a$10$4p5ODCOL/d26opvzG4UYoOZacl2ARcOv21kd3UYnLpnmi8kYm8xf.',null,null,null,null);
Insert into TEAM1.USER_T (USERNUM,USERID,USEREMAIL,USERPASSWORD,USERCATEGORY,USERCLASS,USERPNUM,ADMIN) values (286,'zzz','zzz@naver.com','$2a$10$rqh3rGLOcnLoHfvzxrlaFe35D2ywAc.ezsshwwtdGsqdFjNk8ndKC',null,null,null,null);
Insert into TEAM1.USER_T (USERNUM,USERID,USEREMAIL,USERPASSWORD,USERCATEGORY,USERCLASS,USERPNUM,ADMIN) values (287,'ujjj','ujjj@ddd','$2a$10$HjSDA61cGrdZWdP5cIS1Pu6HsgrcEqFRyymekRbzX1qvBCb8o12cy',null,null,null,null);
Insert into TEAM1.USER_T (USERNUM,USERID,USEREMAIL,USERPASSWORD,USERCATEGORY,USERCLASS,USERPNUM,ADMIN) values (204,'hyoju','hyo@naver.com','hyo',null,null,null,null);
Insert into TEAM1.USER_T (USERNUM,USERID,USEREMAIL,USERPASSWORD,USERCATEGORY,USERCLASS,USERPNUM,ADMIN) values (124,'이지은','김치남@naver.com','1234',null,null,null,null);
Insert into TEAM1.USER_T (USERNUM,USERID,USEREMAIL,USERPASSWORD,USERCATEGORY,USERCLASS,USERPNUM,ADMIN) values (125,'김치맨','김치맨@naver.com','1231',null,null,null,null);
Insert into TEAM1.USER_T (USERNUM,USERID,USEREMAIL,USERPASSWORD,USERCATEGORY,USERCLASS,USERPNUM,ADMIN) values (206,'김원태','wontae@gmail.com','1234',null,null,null,'1');
Insert into TEAM1.USER_T (USERNUM,USERID,USEREMAIL,USERPASSWORD,USERCATEGORY,USERCLASS,USERPNUM,ADMIN) values (207,'LWM','wonmin275@gmail.com','$2a$10$Mg7E.DD1kCfSsH4k36u45e9w8SghbpYsVm7d245JYSM86.XX6/q2u',null,null,null,null);
REM INSERTING into TEAM1.WISH
SET DEFINE OFF;
Insert into TEAM1.WISH (CONTENTSID,USERNUM,WISHDATE) values (7,204,to_date('21/11/10','RR/MM/DD'));
Insert into TEAM1.WISH (CONTENTSID,USERNUM,WISHDATE) values (27,212,to_date('21/11/11','RR/MM/DD'));
Insert into TEAM1.WISH (CONTENTSID,USERNUM,WISHDATE) values (27,204,to_date('21/11/11','RR/MM/DD'));
Insert into TEAM1.WISH (CONTENTSID,USERNUM,WISHDATE) values (21,207,to_date('21/11/11','RR/MM/DD'));
Insert into TEAM1.WISH (CONTENTSID,USERNUM,WISHDATE) values (1,212,to_date('21/11/11','RR/MM/DD'));
Insert into TEAM1.WISH (CONTENTSID,USERNUM,WISHDATE) values (4,212,to_date('21/11/11','RR/MM/DD'));
Insert into TEAM1.WISH (CONTENTSID,USERNUM,WISHDATE) values (4,204,to_date('21/11/11','RR/MM/DD'));
Insert into TEAM1.WISH (CONTENTSID,USERNUM,WISHDATE) values (4,204,to_date('21/11/11','RR/MM/DD'));
Insert into TEAM1.WISH (CONTENTSID,USERNUM,WISHDATE) values (22,212,to_date('21/11/11','RR/MM/DD'));
Insert into TEAM1.WISH (CONTENTSID,USERNUM,WISHDATE) values (2,204,to_date('21/11/11','RR/MM/DD'));
Insert into TEAM1.WISH (CONTENTSID,USERNUM,WISHDATE) values (6,275,to_date('21/11/12','RR/MM/DD'));
Insert into TEAM1.WISH (CONTENTSID,USERNUM,WISHDATE) values (55,275,to_date('21/11/12','RR/MM/DD'));
Insert into TEAM1.WISH (CONTENTSID,USERNUM,WISHDATE) values (3,204,to_date('21/11/11','RR/MM/DD'));
Insert into TEAM1.WISH (CONTENTSID,USERNUM,WISHDATE) values (24,275,to_date('21/11/12','RR/MM/DD'));
Insert into TEAM1.WISH (CONTENTSID,USERNUM,WISHDATE) values (29,275,to_date('21/11/12','RR/MM/DD'));
Insert into TEAM1.WISH (CONTENTSID,USERNUM,WISHDATE) values (3,204,to_date('21/11/11','RR/MM/DD'));
Insert into TEAM1.WISH (CONTENTSID,USERNUM,WISHDATE) values (1,275,to_date('21/11/12','RR/MM/DD'));
Insert into TEAM1.WISH (CONTENTSID,USERNUM,WISHDATE) values (27,274,to_date('21/11/12','RR/MM/DD'));
Insert into TEAM1.WISH (CONTENTSID,USERNUM,WISHDATE) values (21,281,to_date('21/11/12','RR/MM/DD'));
Insert into TEAM1.WISH (CONTENTSID,USERNUM,WISHDATE) values (3,281,to_date('21/11/12','RR/MM/DD'));
Insert into TEAM1.WISH (CONTENTSID,USERNUM,WISHDATE) values (7,281,to_date('21/11/12','RR/MM/DD'));
Insert into TEAM1.WISH (CONTENTSID,USERNUM,WISHDATE) values (3,270,to_date('21/11/12','RR/MM/DD'));
Insert into TEAM1.WISH (CONTENTSID,USERNUM,WISHDATE) values (21,284,to_date('21/11/12','RR/MM/DD'));
Insert into TEAM1.WISH (CONTENTSID,USERNUM,WISHDATE) values (1,277,to_date('21/11/12','RR/MM/DD'));
Insert into TEAM1.WISH (CONTENTSID,USERNUM,WISHDATE) values (2,277,to_date('21/11/12','RR/MM/DD'));
Insert into TEAM1.WISH (CONTENTSID,USERNUM,WISHDATE) values (2,275,to_date('21/11/12','RR/MM/DD'));
--------------------------------------------------------
--  DDL for Index ACTOR_T
--------------------------------------------------------

  CREATE UNIQUE INDEX "TEAM1"."ACTOR_T" ON "TEAM1"."ACTOR_T" ("ACTORID") 
  PCTFREE 10 INITRANS 2 MAXTRANS 255 COMPUTE STATISTICS 
  STORAGE(INITIAL 65536 NEXT 1048576 MINEXTENTS 1 MAXEXTENTS 2147483645
  PCTINCREASE 0 FREELISTS 1 FREELIST GROUPS 1 BUFFER_POOL DEFAULT FLASH_CACHE DEFAULT CELL_FLASH_CACHE DEFAULT)
  TABLESPACE "SYSTEM" ;
--------------------------------------------------------
--  DDL for Index CLASS_T
--------------------------------------------------------

  CREATE UNIQUE INDEX "TEAM1"."CLASS_T" ON "TEAM1"."CLASS_T" ("CLASSID") 
  PCTFREE 10 INITRANS 2 MAXTRANS 255 COMPUTE STATISTICS 
  STORAGE(INITIAL 65536 NEXT 1048576 MINEXTENTS 1 MAXEXTENTS 2147483645
  PCTINCREASE 0 FREELISTS 1 FREELIST GROUPS 1 BUFFER_POOL DEFAULT FLASH_CACHE DEFAULT CELL_FLASH_CACHE DEFAULT)
  TABLESPACE "SYSTEM" ;
--------------------------------------------------------
--  DDL for Index CONTENTS_T
--------------------------------------------------------

  CREATE UNIQUE INDEX "TEAM1"."CONTENTS_T" ON "TEAM1"."CONTENTS_T" ("CONTENTSID") 
  PCTFREE 10 INITRANS 2 MAXTRANS 255 COMPUTE STATISTICS 
  STORAGE(INITIAL 65536 NEXT 1048576 MINEXTENTS 1 MAXEXTENTS 2147483645
  PCTINCREASE 0 FREELISTS 1 FREELIST GROUPS 1 BUFFER_POOL DEFAULT FLASH_CACHE DEFAULT CELL_FLASH_CACHE DEFAULT)
  TABLESPACE "SYSTEM" ;
--------------------------------------------------------
--  DDL for Index GENRE_T
--------------------------------------------------------

  CREATE UNIQUE INDEX "TEAM1"."GENRE_T" ON "TEAM1"."GENRE_T" ("GENREID") 
  PCTFREE 10 INITRANS 2 MAXTRANS 255 COMPUTE STATISTICS 
  STORAGE(INITIAL 65536 NEXT 1048576 MINEXTENTS 1 MAXEXTENTS 2147483645
  PCTINCREASE 0 FREELISTS 1 FREELIST GROUPS 1 BUFFER_POOL DEFAULT FLASH_CACHE DEFAULT CELL_FLASH_CACHE DEFAULT)
  TABLESPACE "SYSTEM" ;
--------------------------------------------------------
--  DDL for Index GRADE_T
--------------------------------------------------------

  CREATE UNIQUE INDEX "TEAM1"."GRADE_T" ON "TEAM1"."GRADE_T" ("GRADEID") 
  PCTFREE 10 INITRANS 2 MAXTRANS 255 COMPUTE STATISTICS 
  STORAGE(INITIAL 65536 NEXT 1048576 MINEXTENTS 1 MAXEXTENTS 2147483645
  PCTINCREASE 0 FREELISTS 1 FREELIST GROUPS 1 BUFFER_POOL DEFAULT FLASH_CACHE DEFAULT CELL_FLASH_CACHE DEFAULT)
  TABLESPACE "SYSTEM" ;
--------------------------------------------------------
--  DDL for Index IMG_PK
--------------------------------------------------------

  CREATE UNIQUE INDEX "TEAM1"."IMG_PK" ON "TEAM1"."IMG" ("IMGNAME") 
  PCTFREE 10 INITRANS 2 MAXTRANS 255 COMPUTE STATISTICS 
  STORAGE(INITIAL 65536 NEXT 1048576 MINEXTENTS 1 MAXEXTENTS 2147483645
  PCTINCREASE 0 FREELISTS 1 FREELIST GROUPS 1 BUFFER_POOL DEFAULT FLASH_CACHE DEFAULT CELL_FLASH_CACHE DEFAULT)
  TABLESPACE "SYSTEM" ;
--------------------------------------------------------
--  DDL for Index NATION_T_PK
--------------------------------------------------------

  CREATE UNIQUE INDEX "TEAM1"."NATION_T_PK" ON "TEAM1"."NATION_T" ("NATIONCODE") 
  PCTFREE 10 INITRANS 2 MAXTRANS 255 COMPUTE STATISTICS 
  STORAGE(INITIAL 65536 NEXT 1048576 MINEXTENTS 1 MAXEXTENTS 2147483645
  PCTINCREASE 0 FREELISTS 1 FREELIST GROUPS 1 BUFFER_POOL DEFAULT FLASH_CACHE DEFAULT CELL_FLASH_CACHE DEFAULT)
  TABLESPACE "SYSTEM" ;
--------------------------------------------------------
--  DDL for Index OTT
--------------------------------------------------------

  CREATE UNIQUE INDEX "TEAM1"."OTT" ON "TEAM1"."OTT" ("OTTID") 
  PCTFREE 10 INITRANS 2 MAXTRANS 255 COMPUTE STATISTICS 
  STORAGE(INITIAL 65536 NEXT 1048576 MINEXTENTS 1 MAXEXTENTS 2147483645
  PCTINCREASE 0 FREELISTS 1 FREELIST GROUPS 1 BUFFER_POOL DEFAULT FLASH_CACHE DEFAULT CELL_FLASH_CACHE DEFAULT)
  TABLESPACE "SYSTEM" ;
--------------------------------------------------------
--  DDL for Index REVIEW_T
--------------------------------------------------------

  CREATE UNIQUE INDEX "TEAM1"."REVIEW_T" ON "TEAM1"."REVIEW_T" ("REVIEWID") 
  PCTFREE 10 INITRANS 2 MAXTRANS 255 COMPUTE STATISTICS 
  STORAGE(INITIAL 65536 NEXT 1048576 MINEXTENTS 1 MAXEXTENTS 2147483645
  PCTINCREASE 0 FREELISTS 1 FREELIST GROUPS 1 BUFFER_POOL DEFAULT FLASH_CACHE DEFAULT CELL_FLASH_CACHE DEFAULT)
  TABLESPACE "SYSTEM" ;
--------------------------------------------------------
--  DDL for Index USER_T
--------------------------------------------------------

  CREATE UNIQUE INDEX "TEAM1"."USER_T" ON "TEAM1"."USER_T" ("USERNUM") 
  PCTFREE 10 INITRANS 2 MAXTRANS 255 COMPUTE STATISTICS 
  STORAGE(INITIAL 65536 NEXT 1048576 MINEXTENTS 1 MAXEXTENTS 2147483645
  PCTINCREASE 0 FREELISTS 1 FREELIST GROUPS 1 BUFFER_POOL DEFAULT FLASH_CACHE DEFAULT CELL_FLASH_CACHE DEFAULT)
  TABLESPACE "SYSTEM" ;
--------------------------------------------------------
--  Constraints for Table ACTOR_T
--------------------------------------------------------

  ALTER TABLE "TEAM1"."ACTOR_T" MODIFY ("ACTORNAME" NOT NULL ENABLE);
  ALTER TABLE "TEAM1"."ACTOR_T" ADD CONSTRAINT "ACTOR_T" PRIMARY KEY ("ACTORID")
  USING INDEX PCTFREE 10 INITRANS 2 MAXTRANS 255 COMPUTE STATISTICS 
  STORAGE(INITIAL 65536 NEXT 1048576 MINEXTENTS 1 MAXEXTENTS 2147483645
  PCTINCREASE 0 FREELISTS 1 FREELIST GROUPS 1 BUFFER_POOL DEFAULT FLASH_CACHE DEFAULT CELL_FLASH_CACHE DEFAULT)
  TABLESPACE "SYSTEM"  ENABLE;
  ALTER TABLE "TEAM1"."ACTOR_T" MODIFY ("ACTORID" NOT NULL ENABLE);
--------------------------------------------------------
--  Constraints for Table CLASS_T
--------------------------------------------------------

  ALTER TABLE "TEAM1"."CLASS_T" ADD CONSTRAINT "CLASS_T" PRIMARY KEY ("CLASSID")
  USING INDEX PCTFREE 10 INITRANS 2 MAXTRANS 255 COMPUTE STATISTICS 
  STORAGE(INITIAL 65536 NEXT 1048576 MINEXTENTS 1 MAXEXTENTS 2147483645
  PCTINCREASE 0 FREELISTS 1 FREELIST GROUPS 1 BUFFER_POOL DEFAULT FLASH_CACHE DEFAULT CELL_FLASH_CACHE DEFAULT)
  TABLESPACE "SYSTEM"  ENABLE;
  ALTER TABLE "TEAM1"."CLASS_T" MODIFY ("CLASSID" NOT NULL ENABLE);
--------------------------------------------------------
--  Constraints for Table CONTENTS_T
--------------------------------------------------------

  ALTER TABLE "TEAM1"."CONTENTS_T" ADD CONSTRAINT "CONTENTS_T" PRIMARY KEY ("CONTENTSID")
  USING INDEX PCTFREE 10 INITRANS 2 MAXTRANS 255 COMPUTE STATISTICS 
  STORAGE(INITIAL 65536 NEXT 1048576 MINEXTENTS 1 MAXEXTENTS 2147483645
  PCTINCREASE 0 FREELISTS 1 FREELIST GROUPS 1 BUFFER_POOL DEFAULT FLASH_CACHE DEFAULT CELL_FLASH_CACHE DEFAULT)
  TABLESPACE "SYSTEM"  ENABLE;
  ALTER TABLE "TEAM1"."CONTENTS_T" MODIFY ("CONTENTSTITLE" NOT NULL ENABLE);
  ALTER TABLE "TEAM1"."CONTENTS_T" MODIFY ("OTTID" NOT NULL ENABLE);
  ALTER TABLE "TEAM1"."CONTENTS_T" MODIFY ("CONTENTSID" NOT NULL ENABLE);
--------------------------------------------------------
--  Constraints for Table GENRE_T
--------------------------------------------------------

  ALTER TABLE "TEAM1"."GENRE_T" ADD CONSTRAINT "GENRE_T" PRIMARY KEY ("GENREID")
  USING INDEX PCTFREE 10 INITRANS 2 MAXTRANS 255 COMPUTE STATISTICS 
  STORAGE(INITIAL 65536 NEXT 1048576 MINEXTENTS 1 MAXEXTENTS 2147483645
  PCTINCREASE 0 FREELISTS 1 FREELIST GROUPS 1 BUFFER_POOL DEFAULT FLASH_CACHE DEFAULT CELL_FLASH_CACHE DEFAULT)
  TABLESPACE "SYSTEM"  ENABLE;
  ALTER TABLE "TEAM1"."GENRE_T" MODIFY ("GENRENAME" NOT NULL ENABLE);
  ALTER TABLE "TEAM1"."GENRE_T" MODIFY ("GENREID" NOT NULL ENABLE);
--------------------------------------------------------
--  Constraints for Table GRADE_T
--------------------------------------------------------

  ALTER TABLE "TEAM1"."GRADE_T" ADD CONSTRAINT "GRADE_T" PRIMARY KEY ("GRADEID")
  USING INDEX PCTFREE 10 INITRANS 2 MAXTRANS 255 COMPUTE STATISTICS 
  STORAGE(INITIAL 65536 NEXT 1048576 MINEXTENTS 1 MAXEXTENTS 2147483645
  PCTINCREASE 0 FREELISTS 1 FREELIST GROUPS 1 BUFFER_POOL DEFAULT FLASH_CACHE DEFAULT CELL_FLASH_CACHE DEFAULT)
  TABLESPACE "SYSTEM"  ENABLE;
  ALTER TABLE "TEAM1"."GRADE_T" MODIFY ("GRADEID" NOT NULL ENABLE);
--------------------------------------------------------
--  Constraints for Table IMG
--------------------------------------------------------

  ALTER TABLE "TEAM1"."IMG" ADD CONSTRAINT "IMG_PK" PRIMARY KEY ("IMGNAME")
  USING INDEX PCTFREE 10 INITRANS 2 MAXTRANS 255 COMPUTE STATISTICS 
  STORAGE(INITIAL 65536 NEXT 1048576 MINEXTENTS 1 MAXEXTENTS 2147483645
  PCTINCREASE 0 FREELISTS 1 FREELIST GROUPS 1 BUFFER_POOL DEFAULT FLASH_CACHE DEFAULT CELL_FLASH_CACHE DEFAULT)
  TABLESPACE "SYSTEM"  ENABLE;
  ALTER TABLE "TEAM1"."IMG" MODIFY ("IMGNAME" NOT NULL ENABLE);
  ALTER TABLE "TEAM1"."IMG" MODIFY ("CONTENTSID" NOT NULL ENABLE);
--------------------------------------------------------
--  Constraints for Table NATION_T
--------------------------------------------------------

  ALTER TABLE "TEAM1"."NATION_T" ADD CONSTRAINT "NATION_T_PK" PRIMARY KEY ("NATIONCODE")
  USING INDEX PCTFREE 10 INITRANS 2 MAXTRANS 255 COMPUTE STATISTICS 
  STORAGE(INITIAL 65536 NEXT 1048576 MINEXTENTS 1 MAXEXTENTS 2147483645
  PCTINCREASE 0 FREELISTS 1 FREELIST GROUPS 1 BUFFER_POOL DEFAULT FLASH_CACHE DEFAULT CELL_FLASH_CACHE DEFAULT)
  TABLESPACE "SYSTEM"  ENABLE;
  ALTER TABLE "TEAM1"."NATION_T" MODIFY ("NATIONCODE" NOT NULL ENABLE);
--------------------------------------------------------
--  Constraints for Table OTT
--------------------------------------------------------

  ALTER TABLE "TEAM1"."OTT" ADD CONSTRAINT "OTT" PRIMARY KEY ("OTTID")
  USING INDEX PCTFREE 10 INITRANS 2 MAXTRANS 255 COMPUTE STATISTICS 
  STORAGE(INITIAL 65536 NEXT 1048576 MINEXTENTS 1 MAXEXTENTS 2147483645
  PCTINCREASE 0 FREELISTS 1 FREELIST GROUPS 1 BUFFER_POOL DEFAULT FLASH_CACHE DEFAULT CELL_FLASH_CACHE DEFAULT)
  TABLESPACE "SYSTEM"  ENABLE;
  ALTER TABLE "TEAM1"."OTT" MODIFY ("OTTNAME" NOT NULL ENABLE);
  ALTER TABLE "TEAM1"."OTT" MODIFY ("OTTID" NOT NULL ENABLE);
--------------------------------------------------------
--  Constraints for Table REVIEW_T
--------------------------------------------------------

  ALTER TABLE "TEAM1"."REVIEW_T" ADD CONSTRAINT "REVIEW_T" PRIMARY KEY ("REVIEWID")
  USING INDEX PCTFREE 10 INITRANS 2 MAXTRANS 255 COMPUTE STATISTICS 
  STORAGE(INITIAL 65536 NEXT 1048576 MINEXTENTS 1 MAXEXTENTS 2147483645
  PCTINCREASE 0 FREELISTS 1 FREELIST GROUPS 1 BUFFER_POOL DEFAULT FLASH_CACHE DEFAULT CELL_FLASH_CACHE DEFAULT)
  TABLESPACE "SYSTEM"  ENABLE;
  ALTER TABLE "TEAM1"."REVIEW_T" MODIFY ("REVIEWDATE" NOT NULL ENABLE);
  ALTER TABLE "TEAM1"."REVIEW_T" MODIFY ("REVIEWNATTER" NOT NULL ENABLE);
  ALTER TABLE "TEAM1"."REVIEW_T" MODIFY ("CONTENTSID" NOT NULL ENABLE);
  ALTER TABLE "TEAM1"."REVIEW_T" MODIFY ("USERNUM" NOT NULL ENABLE);
  ALTER TABLE "TEAM1"."REVIEW_T" MODIFY ("REVIEWID" NOT NULL ENABLE);
--------------------------------------------------------
--  Constraints for Table USER_T
--------------------------------------------------------

  ALTER TABLE "TEAM1"."USER_T" ADD CONSTRAINT "USER_T" PRIMARY KEY ("USERNUM")
  USING INDEX PCTFREE 10 INITRANS 2 MAXTRANS 255 COMPUTE STATISTICS 
  STORAGE(INITIAL 65536 NEXT 1048576 MINEXTENTS 1 MAXEXTENTS 2147483645
  PCTINCREASE 0 FREELISTS 1 FREELIST GROUPS 1 BUFFER_POOL DEFAULT FLASH_CACHE DEFAULT CELL_FLASH_CACHE DEFAULT)
  TABLESPACE "SYSTEM"  ENABLE;
  ALTER TABLE "TEAM1"."USER_T" MODIFY ("USERPASSWORD" NOT NULL ENABLE);
  ALTER TABLE "TEAM1"."USER_T" MODIFY ("USEREMAIL" NOT NULL ENABLE);
  ALTER TABLE "TEAM1"."USER_T" MODIFY ("USERID" NOT NULL ENABLE);
  ALTER TABLE "TEAM1"."USER_T" MODIFY ("USERNUM" NOT NULL ENABLE);
--------------------------------------------------------
--  Constraints for Table WISH
--------------------------------------------------------

  ALTER TABLE "TEAM1"."WISH" MODIFY ("CONTENTSID" NOT NULL ENABLE);
--------------------------------------------------------
--  Ref Constraints for Table ACTORJOIN
--------------------------------------------------------

  ALTER TABLE "TEAM1"."ACTORJOIN" ADD CONSTRAINT "FK_ACTOR_T_TO_ACTORJOIN" FOREIGN KEY ("ACTORID")
	  REFERENCES "TEAM1"."ACTOR_T" ("ACTORID") ENABLE;
  ALTER TABLE "TEAM1"."ACTORJOIN" ADD CONSTRAINT "FK_CONTENTS_T_TO_ACTORJOIN" FOREIGN KEY ("CONTENTSID")
	  REFERENCES "TEAM1"."CONTENTS_T" ("CONTENTSID") ENABLE;
--------------------------------------------------------
--  Ref Constraints for Table CONTENTS_T
--------------------------------------------------------

  ALTER TABLE "TEAM1"."CONTENTS_T" ADD CONSTRAINT "FK_CLASS_T_TO_CONTENTS_T" FOREIGN KEY ("CLASSID")
	  REFERENCES "TEAM1"."CLASS_T" ("CLASSID") ENABLE;
  ALTER TABLE "TEAM1"."CONTENTS_T" ADD CONSTRAINT "FK_GRADE_T_TO_CONTENTS_T" FOREIGN KEY ("GRADEID")
	  REFERENCES "TEAM1"."GRADE_T" ("GRADEID") ENABLE;
  ALTER TABLE "TEAM1"."CONTENTS_T" ADD CONSTRAINT "FK_NATION_T_TO_CONTENTS_T" FOREIGN KEY ("NATIONCODE")
	  REFERENCES "TEAM1"."NATION_T" ("NATIONCODE") ENABLE;
  ALTER TABLE "TEAM1"."CONTENTS_T" ADD CONSTRAINT "FK_OTT_TO_CONTENTS_T" FOREIGN KEY ("OTTID")
	  REFERENCES "TEAM1"."OTT" ("OTTID") ENABLE;
--------------------------------------------------------
--  Ref Constraints for Table GENREJOIN
--------------------------------------------------------

  ALTER TABLE "TEAM1"."GENREJOIN" ADD CONSTRAINT "FK_CONTENTS_T_TO_GENREJOIN" FOREIGN KEY ("CONTENTSID")
	  REFERENCES "TEAM1"."CONTENTS_T" ("CONTENTSID") ENABLE;
  ALTER TABLE "TEAM1"."GENREJOIN" ADD CONSTRAINT "FK_GENRE_T_TO_GENREJOIN" FOREIGN KEY ("GENREID")
	  REFERENCES "TEAM1"."GENRE_T" ("GENREID") ENABLE;
--------------------------------------------------------
--  Ref Constraints for Table IMG
--------------------------------------------------------

  ALTER TABLE "TEAM1"."IMG" ADD CONSTRAINT "FK_CONTENTS_T_TO_IMG" FOREIGN KEY ("CONTENTSID")
	  REFERENCES "TEAM1"."CONTENTS_T" ("CONTENTSID") ENABLE;
--------------------------------------------------------
--  Ref Constraints for Table REVIEW_T
--------------------------------------------------------

  ALTER TABLE "TEAM1"."REVIEW_T" ADD CONSTRAINT "FK_CONTENTS_T_TO_REVIEW_T" FOREIGN KEY ("CONTENTSID")
	  REFERENCES "TEAM1"."CONTENTS_T" ("CONTENTSID") ENABLE;
  ALTER TABLE "TEAM1"."REVIEW_T" ADD CONSTRAINT "FK_USER_T_TO_REVIEW_T" FOREIGN KEY ("USERNUM")
	  REFERENCES "TEAM1"."USER_T" ("USERNUM") ENABLE;
--------------------------------------------------------
--  Ref Constraints for Table WISH
--------------------------------------------------------

  ALTER TABLE "TEAM1"."WISH" ADD CONSTRAINT "FK_CONTENTS_T_TO_WISH" FOREIGN KEY ("CONTENTSID")
	  REFERENCES "TEAM1"."CONTENTS_T" ("CONTENTSID") ENABLE;
  ALTER TABLE "TEAM1"."WISH" ADD CONSTRAINT "FK_USER_T_TO_WISH" FOREIGN KEY ("USERNUM")
	  REFERENCES "TEAM1"."USER_T" ("USERNUM") ENABLE;
